NearRank,RouteName,StartTime,EndTime,StartTimeUTC,EndTimeUTC,To_ID,From_ID,Total_Kilometers,Total_Minutes,From_Agency,From_Fire_Name,From_Latitude,From_Longitude,From_Hectares__Ha_,From_Stage_of_Control,From_Time_Zone,From_GlobalID,From_Start_Date,To_CUSTODIAN_ORG_DESCRIPTION,To_BUSINESS_CATEGORY_CLASS,To_BUSINESS_CATEGORY_DESCRIPTIO,To_OCCUPANT_TYPE_DESCRIPTION,To_SOURCE_DATA_ID,To_SUPPLIED_SOURCE_ID_IND,To_FACILITY_NAME,To_DESCRIPTION,To_PHYSICAL_ADDRESS,To_MAILING_ADDRESS,To_STREET_ADDRESS,To_POSTAL_CODE,To_LOCALITY,To_CONTACT_PHONE,To_CONTACT_EMAIL,To_CONTACT_FAX,To_WEBSITE_URL,To_IMAGE_URL,To_LATITUDE,To_LONGITUDE,To_KEYWORDS,To_DATE_UPDATED,To_SITE_GEOCODED_IND,To_RESPONDER_FACILITY_TYPE,To_RESPONDER_GROUP_TYPE,To_SE_ANNO_CAD_DATA,RouteLayerItemID,RouteLayerItemURL
1,Location 2 - Location 467,,,,,1153,14,24.72751241,19.73252603,bc,2023-G80223,56.4112,-121.233,2947.0,UC,PDT,{00000000-0000-0000-0000-000000000000},2023-05-05 22:06:00,"Ministry of Forest, Lands and Natural Resource Operations and Rural Development - GeoBC ",provincialProtectiveServices,Provincial protective services,BC First Responders,2041,N,Charlie Lake Vol Fire Dept,,"13065 Firehall Rd, Charlie Lake, BC","13065 Firehall Rd, Charlie Lake, BC",13065 Firehall Rd,,Charlie Lake,,,,,,56.2800847,-120.9620537,fire; fire hall; fire station,2023-10-10 23:00:29,,HALL,FIRE,,,
1,Location 3 - Location 440,,,,,1267,23,103.33045103,108.88853124,bc,2023-R21286,53.6527,-126.824,0.0,BH,PDT,{00000000-0000-0000-0000-000000000000},2023-07-08 18:28:00,"Ministry of Forest, Lands and Natural Resource Operations and Rural Development - GeoBC ",provincialProtectiveServices,Provincial protective services,BC First Responders,1950,N,Southside Fire Dept,,"1122 Whitney Way, Southbank, BC","1122 Whitney Way, Southbank, BC",1122 Whitney Way,,Southbank,,,,,,54.0227273,-125.7698911,fire; fire hall; fire station,2023-10-10 23:00:29,,HALL,FIRE,,,
1,Location 10 - Location 87,,,,,1863,33,363.60881294,277.08000549,bc,2023-G90949,59.628,-126.953,5278.13,BH,PDT,{00000000-0000-0000-0000-000000000000},2023-06-28 00:51:00,"Ministry of Forest, Lands and Natural Resource Operations and Rural Development - GeoBC ",provincialProtectiveServices,Provincial protective services,BC First Responders,2047,N,Fort Nelson Fire Dept,,"5404 48th Ave, Fort Nelson, BC","5404 48th Ave, Fort Nelson, BC",5404 48th Ave,,Fort Nelson,,,,,,58.8025448,-122.7093647,fire; fire hall; fire station,2023-10-10 23:00:28,,HALL,FIRE,,,
1,Location 12 - Location 440,,,,,1267,38,46.73217361,36.2091632,bc,2023-R11387,53.7504,-126.174,12142.0,OC,PDT,{00000000-0000-0000-0000-000000000000},2023-07-09 19:20:00,"Ministry of Forest, Lands and Natural Resource Operations and Rural Development - GeoBC ",provincialProtectiveServices,Provincial protective services,BC First Responders,1950,N,Southside Fire Dept,,"1122 Whitney Way, Southbank, BC","1122 Whitney Way, Southbank, BC",1122 Whitney Way,,Southbank,,,,,,54.0227273,-125.7698911,fire; fire hall; fire station,2023-10-10 23:00:29,,HALL,FIRE,,,
1,Location 13 - Location 507,,,,,2989,40,343.29343017,461.45544864,bc,2023-G50912,55.7693,-126.376,816.9,BH,PDT,{00000000-0000-0000-0000-000000000000},2023-06-26 00:45:00,"Ministry of Forest, Lands and Natural Resource Operations and Rural Development - GeoBC ",provincialProtectiveServices,Provincial protective services,BC First Responders,2017,N,Mackenzie Fire Dept,,"60 Centennial Dr, Mackenzie, BC","60 Centennial Dr, Mackenzie, BC",60 Centennial Dr,,Mackenzie,,,,,,55.3384488,-123.0978155,fire; fire hall; fire station,2023-10-10 23:00:29,,HALL,FIRE,,,
1,Location 14 - Location 217,,,,,2393,41,326.12823156,244.81577907,bc,2023-G92594,59.9374,-127.762,316.5,OC,PDT,{00000000-0000-0000-0000-000000000000},2023-08-07 18:51:00,"Ministry of Forest, Lands and Natural Resource Operations and Rural Development - GeoBC ",provincialProtectiveServices,Provincial protective services,BC First Responders,2044,N,Dease Lake Fire Dept,,"63 Stikine Ave, Dease Lake, BC","63 Stikine Ave, Dease Lake, BC",63 Stikine Ave,,Dease Lake,,,,,,58.435846,-129.9903625,fire; fire hall; fire station,2023-10-10 23:00:29,,HALL,FIRE,,,
1,Location 16 - Location 431,,,,,1539,43,65.4573753,74.47724444,bc,2023-R21225,54.0392,-126.826,86.0,UC,PDT,{00000000-0000-0000-0000-000000000000},2023-07-08 02:03:00,"Ministry of Forest, Lands and Natural Resource Operations and Rural Development - GeoBC ",provincialProtectiveServices,Provincial protective services,BC First Responders,1977,N,Houston Fire Dept,,"3382 11th St, Houston, BC","3382 11th St, Houston, BC",3382 11th St,,Houston,,,,,,54.3986072,-126.6476109,fire; fire hall; fire station,2023-10-10 23:00:29,,HALL,FIRE,,,
1,Location 25 - Location 127,,,,,2075,65,83.11811079,112.98022828,bc,2023-G11293,53.4815,-123.847,2420.0,UC,PDT,{00000000-0000-0000-0000-000000000000},2023-07-08 20:50:00,"Ministry of Forest, Lands and Natural Resource Operations and Rural Development - GeoBC ",provincialProtectiveServices,Provincial protective services,BC First Responders,1951,N,Vanderhoof Fire Dept,,"2230 Nechako Ave, Vanderhoof, BC","2230 Nechako Ave, Vanderhoof, BC",2230 Nechako Ave,,Vanderhoof,,,,,,54.0133342,-124.0140234,fire; fire hall; fire station,2023-10-10 23:00:28,,HALL,FIRE,,,
1,Location 26 - Location 107,,,,,1931,66,13.58166878,13.350218,bc,2023-V81938,49.6086,-126.112,121.87,UC,PDT,{00000000-0000-0000-0000-000000000000},2023-07-20 21:46:00,"Ministry of Forest, Lands and Natural Resource Operations and Rural Development - GeoBC ",provincialProtectiveServices,Provincial protective services,BC First Responders,1568,N,Gold River Vol Fire Dept,,"499 Muchalat Dr, Gold River, BC","499 Muchalat Dr, Gold River, BC",499 Muchalat Dr,,Gold River,,,,,,49.7806033,-126.0475636,fire; fire hall; fire station,2023-10-10 23:00:29,,HALL,FIRE,,,
1,Location 27 - Location 77,,,,,2651,67,9.33165986,13.99667221,bc,2023-V80527,50.3709,-126.044,230.0,UC,PDT,{00000000-0000-0000-0000-000000000000},2023-05-29 21:34:00,"Ministry of Forest, Lands and Natural Resource Operations and Rural Development - GeoBC ",provincialProtectiveServices,Provincial protective services,BC First Responders,1707,N,Sayward Vol Fire Dept Hall 1,,"620 Kelsey Way, Sayward, BC","620 Kelsey Way, Sayward, BC",620 Kelsey Way,,Sayward,,,,,,50.3786464,-125.9593773,fire; fire hall; fire station,2023-10-10 23:00:29,,HALL,FIRE,,,
1,Location 28 - Location 543,,,,,3111,68,31.75787862,28.9261169,bc,2023-G73140,56.0086,-120.188,10.85,UC,PDT,{00000000-0000-0000-0000-000000000000},2023-09-03 00:05:00,"Ministry of Forest, Lands and Natural Resource Operations and Rural Development - GeoBC ",provincialProtectiveServices,Provincial protective services,BC First Responders,2027,N,Dawson Creek Fire Dept,,"10101 12A St, Dawson Creek, BC","10101 12A St, Dawson Creek, BC",10101 12A St,,Dawson Creek,,,,,,55.7607291,-120.2356915,fire; fire hall; fire station,2023-10-10 23:00:29,,HALL,FIRE,,,
1,Location 29 - Location 508,,,,,2991,70,127.02472718,108.17057159,bc,2023-C51974,52.0612,-123.491,1306.0,UC,PDT,{00000000-0000-0000-0000-000000000000},2023-07-21 03:39:00,"Ministry of Forest, Lands and Natural Resource Operations and Rural Development - GeoBC ",provincialProtectiveServices,Provincial protective services,BC First Responders,1874,N,Williams Lake Fire Dept,,"230 Hodgson Rd, Williams Lake, BC","230 Hodgson Rd, Williams Lake, BC",230 Hodgson Rd,,Williams Lake,,,,,,52.1167778,-122.1322222,fire; fire hall; fire station,2023-10-10 23:00:29,,HALL,FIRE,,,
1,Location 32 - Location 218,,,,,2395,80,54.82203341,57.44502866,bc,2023-C11290,52.8138,-122.935,2784.7,UC,PDT,{00000000-0000-0000-0000-000000000000},2023-07-08 20:17:00,"Ministry of Forest, Lands and Natural Resource Operations and Rural Development - GeoBC ",provincialProtectiveServices,Provincial protective services,BC First Responders,1906,N,Bouchie Lake Fire Dept,,"2351 Centennial Rd, Bouchie Lake, BC","2351 Centennial Rd, Bouchie Lake, BC",2351 Centennial Rd,,Bouchie Lake,,,,,,53.0232778,-122.6028611,fire; fire hall; fire station,2023-10-10 23:00:29,,HALL,FIRE,,,
1,Location 33 - Location 508,,,,,2991,81,138.75915872,125.16613111,bc,2023-C51981,52.2005,-123.48,1400.0,UC,PDT,{00000000-0000-0000-0000-000000000000},2023-07-21 04:37:00,"Ministry of Forest, Lands and Natural Resource Operations and Rural Development - GeoBC ",provincialProtectiveServices,Provincial protective services,BC First Responders,1874,N,Williams Lake Fire Dept,,"230 Hodgson Rd, Williams Lake, BC","230 Hodgson Rd, Williams Lake, BC",230 Hodgson Rd,,Williams Lake,,,,,,52.1167778,-122.1322222,fire; fire hall; fire station,2023-10-10 23:00:29,,HALL,FIRE,,,
1,Location 34 - Location 542,,,,,3109,85,70.27406942,70.49808954,bc,2023-C33245,52.596,-121.312,5.0,UC,PDT,{00000000-0000-0000-0000-000000000000},2023-09-13 22:38:00.000001,"Ministry of Forest, Lands and Natural Resource Operations and Rural Development - GeoBC ",provincialProtectiveServices,Provincial protective services,BC First Responders,1892,N,Big Lake Vol Fire Dept,,"4295 Likely Rd, Big Lake Ranch, BC","4295 Likely Rd, Big Lake Ranch, BC",4295 Likely Rd,,Big Lake Ranch,,,,,,52.3921389,-121.8830556,fire; fire hall; fire station,2023-10-10 23:00:29,,HALL,FIRE,,,
1,Location 35 - Location 431,,,,,1539,86,73.02797707,85.83311044,bc,2023-R23312,53.9193,-126.747,0.35,UC,PDT,{00000000-0000-0000-0000-000000000000},2023-09-18 18:04:00,"Ministry of Forest, Lands and Natural Resource Operations and Rural Development - GeoBC ",provincialProtectiveServices,Provincial protective services,BC First Responders,1977,N,Houston Fire Dept,,"3382 11th St, Houston, BC","3382 11th St, Houston, BC",3382 11th St,,Houston,,,,,,54.3986072,-126.6476109,fire; fire hall; fire station,2023-10-10 23:00:29,,HALL,FIRE,,,
1,Location 39 - Location 227,,,,,2427,93,45.55948725,67.71569691,bc,2023-C42542,51.9398,-120.463,0.01,OC,PDT,{00000000-0000-0000-0000-000000000000},2023-08-06 22:42:00,"Ministry of Forest, Lands and Natural Resource Operations and Rural Development - GeoBC ",provincialProtectiveServices,Provincial protective services,BC First Responders,2076,N,Forest Grove Fire Dept Station 2 (Canim Lake),,"4352 Canim-Hendrix Lake Rd, Canim Lake, BC","4352 Canim-Hendrix Lake Rd, Canim Lake, BC",4352 Canim-Hendrix Lake Rd,,Canim Lake,,,,,,51.7790763,-120.9210259,fire; fire hall; fire station,2023-10-10 23:00:29,,HALL,FIRE,,,
1,Location 41 - Location 479,,,,,1637,97,41.50196299,62.25170059,bc,2023-C30399,52.6166,-121.071,964.0,UC,PDT,{00000000-0000-0000-0000-000000000000},2023-05-19 21:10:00,"Ministry of Forest, Lands and Natural Resource Operations and Rural Development - GeoBC ",provincialProtectiveServices,Provincial protective services,BC First Responders,1891,N,Horsefly Vol Fire Dept,,"3055 Boswell St, Horsefly, BC","3055 Boswell St, Horsefly, BC",3055 Boswell St,,Horsefly,,,,,,52.334778,-121.4161406,fire; fire hall; fire station,2023-10-10 23:00:29,,HALL,FIRE,,,
1,Location 42 - Location 542,,,,,3109,98,74.2682749,76.48789029,bc,2023-C31143,52.6903,-121.364,308.0,UC,PDT,{00000000-0000-0000-0000-000000000000},2023-07-05 23:24:00,"Ministry of Forest, Lands and Natural Resource Operations and Rural Development - GeoBC ",provincialProtectiveServices,Provincial protective services,BC First Responders,1892,N,Big Lake Vol Fire Dept,,"4295 Likely Rd, Big Lake Ranch, BC","4295 Likely Rd, Big Lake Ranch, BC",4295 Likely Rd,,Big Lake Ranch,,,,,,52.3921389,-121.8830556,fire; fire hall; fire station,2023-10-10 23:00:29,,HALL,FIRE,,,
1,Location 46 - Location 212,,,,,2379,114,119.21615512,178.90319707,bc,2023-R31581,55.5963,-126.784,239.0,UC,PDT,{00000000-0000-0000-0000-000000000000},2023-07-12 04:47:00,"Ministry of Forest, Lands and Natural Resource Operations and Rural Development - GeoBC ",provincialProtectiveServices,Provincial protective services,BC First Responders,1997,N,Granisle Fire Dept,,"37 Babine Dr, Granisle, BC","37 Babine Dr, Granisle, BC",37 Babine Dr,,Granisle,,,,,,54.885739,-126.2043768,fire; fire hall; fire station,2023-10-10 23:00:29,,HALL,FIRE,,,
1,Location 47 - Location 331,,,,,1311,115,26.29689028,19.80215364,bc,2023-V11337,49.9815,-121.64,17405.9,UC,PDT,{00000000-0000-0000-0000-000000000000},2023-07-09 01:46:00,"Ministry of Forest, Lands and Natural Resource Operations and Rural Development - GeoBC ",provincialProtectiveServices,Provincial protective services,BC First Responders,1613,N,Boston Bar Fire Deptartment Hall 2,,"48904 North Bend Cres, Boston Bar, BC","48904 North Bend Cres, Boston Bar, BC",48904 North Bend Cres,,Boston Bar,,,,,,49.8839528,-121.4568058,fire; fire hall; fire station,2023-10-10 23:00:29,,HALL,FIRE,,,
1,Location 48 - Location 107,,,,,1931,116,23.58247122,18.08941579,bc,2023-V82991,49.8712,-125.789,18.29,UC,PDT,{00000000-0000-0000-0000-000000000000},2023-08-28 18:10:00,"Ministry of Forest, Lands and Natural Resource Operations and Rural Development - GeoBC ",provincialProtectiveServices,Provincial protective services,BC First Responders,1568,N,Gold River Vol Fire Dept,,"499 Muchalat Dr, Gold River, BC","499 Muchalat Dr, Gold River, BC",499 Muchalat Dr,,Gold River,,,,,,49.7806033,-126.0475636,fire; fire hall; fire station,2023-10-10 23:00:29,,HALL,FIRE,,,
1,Location 50 - Location 87,,,,,1863,118,76.77864112,131.38536266,bc,2023-G91313,58.672,-121.643,74685.7,OC,PDT,{00000000-0000-0000-0000-000000000000},2023-07-08 23:53:00,"Ministry of Forest, Lands and Natural Resource Operations and Rural Development - GeoBC ",provincialProtectiveServices,Provincial protective services,BC First Responders,2047,N,Fort Nelson Fire Dept,,"5404 48th Ave, Fort Nelson, BC","5404 48th Ave, Fort Nelson, BC",5404 48th Ave,,Fort Nelson,,,,,,58.8025448,-122.7093647,fire; fire hall; fire station,2023-10-10 23:00:28,,HALL,FIRE,,,
1,Location 51 - Location 507,,,,,2989,119,316.44449622,421.18407849,bc,2023-G51411,55.3288,-125.351,451.6,BH,PDT,{00000000-0000-0000-0000-000000000000},2023-07-09 23:02:00,"Ministry of Forest, Lands and Natural Resource Operations and Rural Development - GeoBC ",provincialProtectiveServices,Provincial protective services,BC First Responders,2017,N,Mackenzie Fire Dept,,"60 Centennial Dr, Mackenzie, BC","60 Centennial Dr, Mackenzie, BC",60 Centennial Dr,,Mackenzie,,,,,,55.3384488,-123.0978155,fire; fire hall; fire station,2023-10-10 23:00:29,,HALL,FIRE,,,
1,Location 52 - Location 515,,,,,3009,120,117.64812651,166.49301632,bc,2023-R11592,53.4714,-125.203,203.8,BH,PDT,{00000000-0000-0000-0000-000000000000},2023-07-12 19:21:00,"Ministry of Forest, Lands and Natural Resource Operations and Rural Development - GeoBC ",provincialProtectiveServices,Provincial protective services,BC First Responders,1938,N,Saik'uz Fire Dept,,"530 Kenney Dam Rd, Stony Creek Saik'uz IR, BC","530 Kenney Dam Rd, Stony Creek Saik'uz IR, BC",530 Kenney Dam Rd,,Stony Creek Saik'uz IR,,,,,,53.9429514,-124.1090557,fire; fire hall; fire station,2023-10-10 23:00:29,,HALL,FIRE,,,
1,Location 53 - Location 507,,,,,2989,122,357.21336913,482.33301371,bc,2023-G50856,55.8798,-126.401,5712.7,BH,PDT,{00000000-0000-0000-0000-000000000000},2023-06-24 03:36:00,"Ministry of Forest, Lands and Natural Resource Operations and Rural Development - GeoBC ",provincialProtectiveServices,Provincial protective services,BC First Responders,2017,N,Mackenzie Fire Dept,,"60 Centennial Dr, Mackenzie, BC","60 Centennial Dr, Mackenzie, BC",60 Centennial Dr,,Mackenzie,,,,,,55.3384488,-123.0978155,fire; fire hall; fire station,2023-10-10 23:00:29,,HALL,FIRE,,,
1,Location 56 - Location 508,,,,,2991,128,172.02625697,135.58731273,bc,2023-C53447,52.1159,-124.049,0.01,UC,PDT,{00000000-0000-0000-0000-000000000000},2023-10-26 00:16:00,"Ministry of Forest, Lands and Natural Resource Operations and Rural Development - GeoBC ",provincialProtectiveServices,Provincial protective services,BC First Responders,1874,N,Williams Lake Fire Dept,,"230 Hodgson Rd, Williams Lake, BC","230 Hodgson Rd, Williams Lake, BC",230 Hodgson Rd,,Williams Lake,,,,,,52.1167778,-122.1322222,fire; fire hall; fire station,2023-10-10 23:00:29,,HALL,FIRE,,,
1,Location 58 - Location 121,,,,,1979,130,38.0994534,52.23340209,bc,2023-G70645,55.154,-120.67,25095.0,UC,PDT,{00000000-0000-0000-0000-000000000000},2023-06-06 20:41:00,"Ministry of Forest, Lands and Natural Resource Operations and Rural Development - GeoBC ",provincialProtectiveServices,Provincial protective services,BC First Responders,2006,N,Tumbler Ridge Fire Dept,,"325 Iles Way, Tumbler Ridge, BC","325 Iles Way, Tumbler Ridge, BC",325 Iles Way,,Tumbler Ridge,,,,,,55.1267767,-120.9985639,fire; fire hall; fire station,2023-10-10 23:00:29,,HALL,FIRE,,,
1,Location 59 - Location 107,,,,,1931,132,37.90237915,56.87424951,bc,2023-V82787,49.5919,-126.277,425.0,UC,PDT,{00000000-0000-0000-0000-000000000000},2023-08-17 15:17:00,"Ministry of Forest, Lands and Natural Resource Operations and Rural Development - GeoBC ",provincialProtectiveServices,Provincial protective services,BC First Responders,1568,N,Gold River Vol Fire Dept,,"499 Muchalat Dr, Gold River, BC","499 Muchalat Dr, Gold River, BC",499 Muchalat Dr,,Gold River,,,,,,49.7806033,-126.0475636,fire; fire hall; fire station,2023-10-10 23:00:29,,HALL,FIRE,,,
1,Location 60 - Location 87,,,,,1863,133,55.18733374,40.59206829,bc,2023-G92143,59.1076,-123.319,0.01,BH,PDT,{00000000-0000-0000-0000-000000000000},2023-07-23 01:15:00,"Ministry of Forest, Lands and Natural Resource Operations and Rural Development - GeoBC ",provincialProtectiveServices,Provincial protective services,BC First Responders,2047,N,Fort Nelson Fire Dept,,"5404 48th Ave, Fort Nelson, BC","5404 48th Ave, Fort Nelson, BC",5404 48th Ave,,Fort Nelson,,,,,,58.8025448,-122.7093647,fire; fire hall; fire station,2023-10-10 23:00:28,,HALL,FIRE,,,
1,Location 61 - Location 229,,,,,2433,134,1.09075543,1.6360926,bc,2023-R51245,53.8538,-128.594,200.0,UC,PDT,{00000000-0000-0000-0000-000000000000},2023-07-08 04:10:00,"Ministry of Forest, Lands and Natural Resource Operations and Rural Development - GeoBC ",provincialProtectiveServices,Provincial protective services,BC First Responders,1948,N,Haisla Vol Fire Dept,,"521 Gitksan Ave, Kitamaat Village, BC","521 Gitksan Ave, Kitamaat Village, BC",521 Gitksan Ave,,Kitamaat Village,,,,,,53.9740905,-128.6455476,fire; fire hall; fire station,2023-10-10 23:00:29,,HALL,FIRE,,,
1,Location 63 - Location 209,,,,,2371,138,14.10367925,42.31132368,bc,2023-V33029,50.3991,-122.666,410.0,UC,PDT,{00000000-0000-0000-0000-000000000000},2023-08-29 17:43:00,"Ministry of Forest, Lands and Natural Resource Operations and Rural Development - GeoBC ",provincialProtectiveServices,Provincial protective services,BC First Responders,1728,N,Birken Fire Hall,,"9223 Pemberton Portage Rd, Birken, BC","9223 Pemberton Portage Rd, Birken, BC",9223 Pemberton Portage Rd,,Birken,,,,,,50.4822161,-122.6081076,fire; fire hall; fire station,2023-10-10 23:00:29,,HALL,FIRE,,,
1,Location 64 - Location 492,,,,,1693,140,89.25216806,110.99125541,bc,2023-G51755,54.6306,-125.13,122.0,BH,PDT,{00000000-0000-0000-0000-000000000000},2023-07-16 05:33:00,"Ministry of Forest, Lands and Natural Resource Operations and Rural Development - GeoBC ",provincialProtectiveServices,Provincial protective services,BC First Responders,1982,N,Fort St James Vol Fire Dept,,"374 Manson St, Fort St James, BC","374 Manson St, Fort St James, BC",374 Manson St,,Fort St James,,,,,,54.445157,-124.2563978,fire; fire hall; fire station,2023-10-10 23:00:29,,HALL,FIRE,,,
1,Location 65 - Location 359,,,,,1345,141,80.65129959,54.07294562,bc,2023-G11943,53.6573,-121.07,13.6,UC,PDT,{00000000-0000-0000-0000-000000000000},2023-07-20 22:56:00,"Ministry of Forest, Lands and Natural Resource Operations and Rural Development - GeoBC ",provincialProtectiveServices,Provincial protective services,BC First Responders,1921,N,Mcbride Fire Dept,,"875 South West Frontage Rd, McBride, BC","875 South West Frontage Rd, McBride, BC",875 South West Frontage Rd,,McBride,,,,,,53.3035003,-120.1630835,fire; fire hall; fire station,2023-10-10 23:00:29,,HALL,FIRE,,,
1,Location 66 - Location 107,,,,,1931,142,23.3221798,17.89419724,bc,2023-V82994,49.8153,-125.761,0.5,UC,PDT,{00000000-0000-0000-0000-000000000000},2023-08-28 18:47:00,"Ministry of Forest, Lands and Natural Resource Operations and Rural Development - GeoBC ",provincialProtectiveServices,Provincial protective services,BC First Responders,1568,N,Gold River Vol Fire Dept,,"499 Muchalat Dr, Gold River, BC","499 Muchalat Dr, Gold River, BC",499 Muchalat Dr,,Gold River,,,,,,49.7806033,-126.0475636,fire; fire hall; fire station,2023-10-10 23:00:29,,HALL,FIRE,,,
1,Location 68 - Location 107,,,,,1931,147,24.37459188,18.68350629,bc,2023-V82993,49.8359,-125.757,14.0,UC,PDT,{00000000-0000-0000-0000-000000000000},2023-08-28 18:29:00,"Ministry of Forest, Lands and Natural Resource Operations and Rural Development - GeoBC ",provincialProtectiveServices,Provincial protective services,BC First Responders,1568,N,Gold River Vol Fire Dept,,"499 Muchalat Dr, Gold River, BC","499 Muchalat Dr, Gold River, BC",499 Muchalat Dr,,Gold River,,,,,,49.7806033,-126.0475636,fire; fire hall; fire station,2023-10-10 23:00:29,,HALL,FIRE,,,
1,Location 71 - Location 87,,,,,1863,153,114.98350375,87.71653191,bc,2023-G91013,59.6431,-123.224,3764.8,BH,PDT,{00000000-0000-0000-0000-000000000000},2023-06-30 21:33:00,"Ministry of Forest, Lands and Natural Resource Operations and Rural Development - GeoBC ",provincialProtectiveServices,Provincial protective services,BC First Responders,2047,N,Fort Nelson Fire Dept,,"5404 48th Ave, Fort Nelson, BC","5404 48th Ave, Fort Nelson, BC",5404 48th Ave,,Fort Nelson,,,,,,58.8025448,-122.7093647,fire; fire hall; fire station,2023-10-10 23:00:28,,HALL,FIRE,,,
1,Location 72 - Location 87,,,,,1863,154,96.3779053,89.43184678,bc,2023-G91722,59.4356,-123.734,42.0,BH,PDT,{00000000-0000-0000-0000-000000000000},2023-07-15 18:56:00.000001,"Ministry of Forest, Lands and Natural Resource Operations and Rural Development - GeoBC ",provincialProtectiveServices,Provincial protective services,BC First Responders,2047,N,Fort Nelson Fire Dept,,"5404 48th Ave, Fort Nelson, BC","5404 48th Ave, Fort Nelson, BC",5404 48th Ave,,Fort Nelson,,,,,,58.8025448,-122.7093647,fire; fire hall; fire station,2023-10-10 23:00:28,,HALL,FIRE,,,
1,Location 74 - Location 518,,,,,3077,156,49.6786681,51.87926558,bc,2023-R51555,54.9494,-128.851,230.0,UC,PDT,{00000000-0000-0000-0000-000000000000},2023-07-11 22:00:00,"Ministry of Forest, Lands and Natural Resource Operations and Rural Development - GeoBC ",provincialProtectiveServices,Provincial protective services,BC First Responders,2009,N,New Aiyansh Vol Fire Hall,,"117 Nass Rd, New Aiyansh, BC","117 Nass Rd, New Aiyansh, BC",117 Nass Rd,,New Aiyansh,,,,,,55.2132435,-129.0895838,fire; fire hall; fire station,2023-10-10 23:00:29,,HALL,FIRE,,,
1,Location 75 - Location 23,,,,,2585,157,121.99398819,153.49576415,bc,2023-G80867,56.7086,-120.041,70.0,UC,PDT,{00000000-0000-0000-0000-000000000000},2023-06-24 18:00:00,"Ministry of Forest, Lands and Natural Resource Operations and Rural Development - GeoBC ",provincialProtectiveServices,Provincial protective services,BC First Responders,2038,N,Fort St John Fire Dept,,"9312 93 Ave, Fort St John, BC","9312 93 Ave, Fort St John, BC",9312 93 Ave,,Fort St John,,,,,,56.2393868,-120.8351409,fire; fire hall; fire station,2023-10-10 23:00:29,,HALL,FIRE,,,
1,Location 76 - Location 550,,,,,2841,159,39.99863007,36.89874278,bc,2023-VA2884,52.2916,-126.064,900.0,UC,PDT,{00000000-0000-0000-0000-000000000000},2023-08-21 17:45:00,"Ministry of Forest, Lands and Natural Resource Operations and Rural Development - GeoBC ",provincialProtectiveServices,Provincial protective services,BC First Responders,1890,N,Noosatsum Fire Dept,,"2644 Gibbs Rd, Hagensborg, BC","2644 Gibbs Rd, Hagensborg, BC",2644 Gibbs Rd,,Hagensborg,,,,,,52.3988459,-126.484069,fire; fire hall; fire station,2023-10-10 23:00:29,,HALL,FIRE,,,
1,Location 78 - Location 440,,,,,1267,163,87.61225365,85.31380628,bc,2023-R21673,53.8076,-126.691,4360.0,UC,PDT,{00000000-0000-0000-0000-000000000000},2023-07-13 21:42:00,"Ministry of Forest, Lands and Natural Resource Operations and Rural Development - GeoBC ",provincialProtectiveServices,Provincial protective services,BC First Responders,1950,N,Southside Fire Dept,,"1122 Whitney Way, Southbank, BC","1122 Whitney Way, Southbank, BC",1122 Whitney Way,,Southbank,,,,,,54.0227273,-125.7698911,fire; fire hall; fire station,2023-10-10 23:00:29,,HALL,FIRE,,,
1,Location 79 - Location 212,,,,,2379,164,20.73968594,35.71994136,bc,2023-R21217,54.8934,-125.899,7984.0,OC,PDT,{00000000-0000-0000-0000-000000000000},2023-07-08 01:23:00,"Ministry of Forest, Lands and Natural Resource Operations and Rural Development - GeoBC ",provincialProtectiveServices,Provincial protective services,BC First Responders,1997,N,Granisle Fire Dept,,"37 Babine Dr, Granisle, BC","37 Babine Dr, Granisle, BC",37 Babine Dr,,Granisle,,,,,,54.885739,-126.2043768,fire; fire hall; fire station,2023-10-10 23:00:29,,HALL,FIRE,,,
1,Location 80 - Location 212,,,,,2379,165,0.75653271,2.88574795,bc,2023-R23388,54.8859,-126.216,0.01,UC,PDT,{00000000-0000-0000-0000-000000000000},2023-10-02 19:25:00.000001,"Ministry of Forest, Lands and Natural Resource Operations and Rural Development - GeoBC ",provincialProtectiveServices,Provincial protective services,BC First Responders,1997,N,Granisle Fire Dept,,"37 Babine Dr, Granisle, BC","37 Babine Dr, Granisle, BC",37 Babine Dr,,Granisle,,,,,,54.885739,-126.2043768,fire; fire hall; fire station,2023-10-10 23:00:29,,HALL,FIRE,,,
1,Location 81 - Location 196,,,,,2961,166,44.16189097,66.50303676,bc,2023-R51929,54.8294,-128.936,2.0,UC,PDT,{00000000-0000-0000-0000-000000000000},2023-07-20 20:04:00,"Ministry of Forest, Lands and Natural Resource Operations and Rural Development - GeoBC ",provincialProtectiveServices,Provincial protective services,BC First Responders,1989,N,Terrace Fire Dept,,"3215 Eby St, Terrace, BC","3215 Eby St, Terrace, BC",3215 Eby St,,Terrace,,,,,,54.5174204,-128.5995711,fire; fire hall; fire station,2023-10-10 23:00:29,,HALL,FIRE,,,
1,Location 82 - Location 550,,,,,2841,167,68.36589288,62.02744802,bc,2023-VA1735,52.5121,-125.906,3360.0,UC,PDT,{00000000-0000-0000-0000-000000000000},2023-07-15 23:43:00,"Ministry of Forest, Lands and Natural Resource Operations and Rural Development - GeoBC ",provincialProtectiveServices,Provincial protective services,BC First Responders,1890,N,Noosatsum Fire Dept,,"2644 Gibbs Rd, Hagensborg, BC","2644 Gibbs Rd, Hagensborg, BC",2644 Gibbs Rd,,Hagensborg,,,,,,52.3988459,-126.484069,fire; fire hall; fire station,2023-10-10 23:00:29,,HALL,FIRE,,,
1,Location 84 - Location 550,,,,,2841,169,34.24542585,31.89572153,bc,2023-VA2756,52.3607,-126.136,0.01,UC,PDT,{00000000-0000-0000-0000-000000000000},2023-08-15 01:29:00,"Ministry of Forest, Lands and Natural Resource Operations and Rural Development - GeoBC ",provincialProtectiveServices,Provincial protective services,BC First Responders,1890,N,Noosatsum Fire Dept,,"2644 Gibbs Rd, Hagensborg, BC","2644 Gibbs Rd, Hagensborg, BC",2644 Gibbs Rd,,Hagensborg,,,,,,52.3988459,-126.484069,fire; fire hall; fire station,2023-10-10 23:00:29,,HALL,FIRE,,,
1,Location 87 - Location 113,,,,,1945,172,16.27460095,18.40533457,bc,2023-R31512,55.0104,-127.448,556.13,UC,PDT,{00000000-0000-0000-0000-000000000000},2023-07-11 00:33:00,"Ministry of Forest, Lands and Natural Resource Operations and Rural Development - GeoBC ",provincialProtectiveServices,Provincial protective services,BC First Responders,1998,N,Moricetown Fire Dept,,"202 Beaver Rd, Witset, BC","202 Beaver Rd, Witset, BC",202 Beaver Rd,,Witset,,,,,,55.0205217,-127.3317792,fire; fire hall; fire station,2023-10-10 23:00:29,,HALL,FIRE,,,
1,Location 91 - Location 492,,,,,1693,176,89.25216806,110.99125541,bc,2023-G51474,54.7353,-125.175,1503.4,UC,PDT,{00000000-0000-0000-0000-000000000000},2023-07-10 05:20:00,"Ministry of Forest, Lands and Natural Resource Operations and Rural Development - GeoBC ",provincialProtectiveServices,Provincial protective services,BC First Responders,1982,N,Fort St James Vol Fire Dept,,"374 Manson St, Fort St James, BC","374 Manson St, Fort St James, BC",374 Manson St,,Fort St James,,,,,,54.445157,-124.2563978,fire; fire hall; fire station,2023-10-10 23:00:29,,HALL,FIRE,,,
1,Location 92 - Location 515,,,,,3009,177,152.48261497,219.28614888,bc,2023-G41493,53.2252,-124.906,4878.8,UC,PDT,{00000000-0000-0000-0000-000000000000},2023-07-10 20:45:00,"Ministry of Forest, Lands and Natural Resource Operations and Rural Development - GeoBC ",provincialProtectiveServices,Provincial protective services,BC First Responders,1938,N,Saik'uz Fire Dept,,"530 Kenney Dam Rd, Stony Creek Saik'uz IR, BC","530 Kenney Dam Rd, Stony Creek Saik'uz IR, BC",530 Kenney Dam Rd,,Stony Creek Saik'uz IR,,,,,,53.9429514,-124.1090557,fire; fire hall; fire station,2023-10-10 23:00:29,,HALL,FIRE,,,
1,Location 94 - Location 515,,,,,3009,179,116.89010905,165.35608931,bc,2023-G41502,53.5682,-125.245,34853.6,BH,PDT,{00000000-0000-0000-0000-000000000000},2023-07-10 22:21:00,"Ministry of Forest, Lands and Natural Resource Operations and Rural Development - GeoBC ",provincialProtectiveServices,Provincial protective services,BC First Responders,1938,N,Saik'uz Fire Dept,,"530 Kenney Dam Rd, Stony Creek Saik'uz IR, BC","530 Kenney Dam Rd, Stony Creek Saik'uz IR, BC",530 Kenney Dam Rd,,Stony Creek Saik'uz IR,,,,,,53.9429514,-124.1090557,fire; fire hall; fire station,2023-10-10 23:00:29,,HALL,FIRE,,,
1,Location 95 - Location 515,,,,,3009,180,33.83973694,28.0140727,bc,2023-G41511,53.7755,-124.426,4767.8,UC,PDT,{00000000-0000-0000-0000-000000000000},2023-07-10 23:56:00,"Ministry of Forest, Lands and Natural Resource Operations and Rural Development - GeoBC ",provincialProtectiveServices,Provincial protective services,BC First Responders,1938,N,Saik'uz Fire Dept,,"530 Kenney Dam Rd, Stony Creek Saik'uz IR, BC","530 Kenney Dam Rd, Stony Creek Saik'uz IR, BC",530 Kenney Dam Rd,,Stony Creek Saik'uz IR,,,,,,53.9429514,-124.1090557,fire; fire hall; fire station,2023-10-10 23:00:29,,HALL,FIRE,,,
1,Location 96 - Location 431,,,,,1539,182,21.31655911,19.26766064,bc,2023-R21250,54.4101,-126.415,2061.0,UC,PDT,{00000000-0000-0000-0000-000000000000},2023-07-08 04:46:00,"Ministry of Forest, Lands and Natural Resource Operations and Rural Development - GeoBC ",provincialProtectiveServices,Provincial protective services,BC First Responders,1977,N,Houston Fire Dept,,"3382 11th St, Houston, BC","3382 11th St, Houston, BC",3382 11th St,,Houston,,,,,,54.3986072,-126.6476109,fire; fire hall; fire station,2023-10-10 23:00:29,,HALL,FIRE,,,
1,Location 97 - Location 440,,,,,1267,183,41.22730417,46.53414427,bc,2023-R11238,54.0775,-126.178,359.0,UC,PDT,{00000000-0000-0000-0000-000000000000},2023-07-08 03:26:00,"Ministry of Forest, Lands and Natural Resource Operations and Rural Development - GeoBC ",provincialProtectiveServices,Provincial protective services,BC First Responders,1950,N,Southside Fire Dept,,"1122 Whitney Way, Southbank, BC","1122 Whitney Way, Southbank, BC",1122 Whitney Way,,Southbank,,,,,,54.0227273,-125.7698911,fire; fire hall; fire station,2023-10-10 23:00:29,,HALL,FIRE,,,
1,Location 99 - Location 550,,,,,2841,185,14.41706687,20.67663481,bc,2023-VA2625,52.2844,-126.421,2.16,UC,PDT,{00000000-0000-0000-0000-000000000000},2023-08-08 03:48:00,"Ministry of Forest, Lands and Natural Resource Operations and Rural Development - GeoBC ",provincialProtectiveServices,Provincial protective services,BC First Responders,1890,N,Noosatsum Fire Dept,,"2644 Gibbs Rd, Hagensborg, BC","2644 Gibbs Rd, Hagensborg, BC",2644 Gibbs Rd,,Hagensborg,,,,,,52.3988459,-126.484069,fire; fire hall; fire station,2023-10-10 23:00:29,,HALL,FIRE,,,
1,Location 101 - Location 23,,,,,2585,187,185.13417244,220.18496849,bc,2023-G81530,57.429,-120.2,6108.9,UC,PDT,{00000000-0000-0000-0000-000000000000},2023-07-11 04:41:00.000001,"Ministry of Forest, Lands and Natural Resource Operations and Rural Development - GeoBC ",provincialProtectiveServices,Provincial protective services,BC First Responders,2038,N,Fort St John Fire Dept,,"9312 93 Ave, Fort St John, BC","9312 93 Ave, Fort St John, BC",9312 93 Ave,,Fort St John,,,,,,56.2393868,-120.8351409,fire; fire hall; fire station,2023-10-10 23:00:29,,HALL,FIRE,,,
1,Location 103 - Location 359,,,,,1345,189,140.55664268,160.6270173,bc,2023-G33441,53.7464,-120.397,0.2,UC,PDT,{00000000-0000-0000-0000-000000000000},2023-10-24 19:46:00,"Ministry of Forest, Lands and Natural Resource Operations and Rural Development - GeoBC ",provincialProtectiveServices,Provincial protective services,BC First Responders,1921,N,Mcbride Fire Dept,,"875 South West Frontage Rd, McBride, BC","875 South West Frontage Rd, McBride, BC",875 South West Frontage Rd,,McBride,,,,,,53.3035003,-120.1630835,fire; fire hall; fire station,2023-10-10 23:00:29,,HALL,FIRE,,,
1,Location 105 - Location 107,,,,,1931,203,47.25075071,41.42450234,bc,2023-V82535,49.732,-125.687,0.01,UC,PDT,{00000000-0000-0000-0000-000000000000},2023-08-06 21:58:00,"Ministry of Forest, Lands and Natural Resource Operations and Rural Development - GeoBC ",provincialProtectiveServices,Provincial protective services,BC First Responders,1568,N,Gold River Vol Fire Dept,,"499 Muchalat Dr, Gold River, BC","499 Muchalat Dr, Gold River, BC",499 Muchalat Dr,,Gold River,,,,,,49.7806033,-126.0475636,fire; fire hall; fire station,2023-10-10 23:00:29,,HALL,FIRE,,,
1,Location 106 - Location 107,,,,,1931,204,47.25075071,41.42450234,bc,2023-V82531,49.7344,-125.681,0.01,UC,PDT,{00000000-0000-0000-0000-000000000000},2023-08-06 21:52:00,"Ministry of Forest, Lands and Natural Resource Operations and Rural Development - GeoBC ",provincialProtectiveServices,Provincial protective services,BC First Responders,1568,N,Gold River Vol Fire Dept,,"499 Muchalat Dr, Gold River, BC","499 Muchalat Dr, Gold River, BC",499 Muchalat Dr,,Gold River,,,,,,49.7806033,-126.0475636,fire; fire hall; fire station,2023-10-10 23:00:29,,HALL,FIRE,,,
1,Location 107 - Location 492,,,,,1693,208,64.81760837,93.0662118,bc,2023-G51344,54.7485,-123.871,5219.6,BH,PDT,{00000000-0000-0000-0000-000000000000},2023-07-09 02:16:00,"Ministry of Forest, Lands and Natural Resource Operations and Rural Development - GeoBC ",provincialProtectiveServices,Provincial protective services,BC First Responders,1982,N,Fort St James Vol Fire Dept,,"374 Manson St, Fort St James, BC","374 Manson St, Fort St James, BC",374 Manson St,,Fort St James,,,,,,54.445157,-124.2563978,fire; fire hall; fire station,2023-10-10 23:00:29,,HALL,FIRE,,,
1,Location 110 - Location 388,,,,,1391,211,39.43670249,49.48369282,bc,2023-V12722,49.1088,-121.266,1517.7,UC,PDT,{00000000-0000-0000-0000-000000000000},2023-08-13 19:43:00,"Ministry of Forest, Lands and Natural Resource Operations and Rural Development - GeoBC ",provincialProtectiveServices,Provincial protective services,BC First Responders,1485,N,Hope Fire Dept Hall 2,,"63610 Old Yale Rd, Hope, BC","63610 Old Yale Rd, Hope, BC",63610 Old Yale Rd,,Hope,,,,,,49.355554,-121.4697047,fire; fire hall; fire station,2023-10-10 23:00:29,,HALL,FIRE,,,
1,Location 112 - Location 87,,,,,1863,216,46.62376598,65.52439487,bc,2023-G92729,59.2618,-122.485,125.0,BH,PDT,{00000000-0000-0000-0000-000000000000},2023-08-13 23:08:00,"Ministry of Forest, Lands and Natural Resource Operations and Rural Development - GeoBC ",provincialProtectiveServices,Provincial protective services,BC First Responders,2047,N,Fort Nelson Fire Dept,,"5404 48th Ave, Fort Nelson, BC","5404 48th Ave, Fort Nelson, BC",5404 48th Ave,,Fort Nelson,,,,,,58.8025448,-122.7093647,fire; fire hall; fire station,2023-10-10 23:00:28,,HALL,FIRE,,,
1,Location 116 - Location 550,,,,,2841,222,38.85650038,35.98487747,bc,2023-VA1306,52.3272,-126.082,115.0,UC,PDT,{00000000-0000-0000-0000-000000000000},2023-07-08 21:25:00,"Ministry of Forest, Lands and Natural Resource Operations and Rural Development - GeoBC ",provincialProtectiveServices,Provincial protective services,BC First Responders,1890,N,Noosatsum Fire Dept,,"2644 Gibbs Rd, Hagensborg, BC","2644 Gibbs Rd, Hagensborg, BC",2644 Gibbs Rd,,Hagensborg,,,,,,52.3988459,-126.484069,fire; fire hall; fire station,2023-10-10 23:00:29,,HALL,FIRE,,,
1,Location 120 - Location 105,,,,,1927,226,47.21159964,57.85116033,bc,2023-R11378,54.342,-125.293,1400.0,UC,PDT,{00000000-0000-0000-0000-000000000000},2023-07-09 16:48:00,"Ministry of Forest, Lands and Natural Resource Operations and Rural Development - GeoBC ",provincialProtectiveServices,Provincial protective services,BC First Responders,1970,N,Burns Lake Fire Dept,,"7 3rd Ave, Burns Lake, BC","7 3rd Ave, Burns Lake, BC",7 3rd Ave,,Burns Lake,,,,,,54.230184,-125.7644607,fire; fire hall; fire station,2023-10-10 23:00:29,,HALL,FIRE,,,
1,Location 121 - Location 105,,,,,1927,227,47.21159964,57.85116033,bc,2023-R11274,54.4547,-125.276,428.0,BH,PDT,{00000000-0000-0000-0000-000000000000},2023-07-08 15:28:00,"Ministry of Forest, Lands and Natural Resource Operations and Rural Development - GeoBC ",provincialProtectiveServices,Provincial protective services,BC First Responders,1970,N,Burns Lake Fire Dept,,"7 3rd Ave, Burns Lake, BC","7 3rd Ave, Burns Lake, BC",7 3rd Ave,,Burns Lake,,,,,,54.230184,-125.7644607,fire; fire hall; fire station,2023-10-10 23:00:29,,HALL,FIRE,,,
1,Location 122 - Location 515,,,,,3009,228,52.13827001,73.5038107,bc,2023-G41466,53.659,-123.784,262.0,UC,PDT,{00000000-0000-0000-0000-000000000000},2023-07-10 04:28:00,"Ministry of Forest, Lands and Natural Resource Operations and Rural Development - GeoBC ",provincialProtectiveServices,Provincial protective services,BC First Responders,1938,N,Saik'uz Fire Dept,,"530 Kenney Dam Rd, Stony Creek Saik'uz IR, BC","530 Kenney Dam Rd, Stony Creek Saik'uz IR, BC",530 Kenney Dam Rd,,Stony Creek Saik'uz IR,,,,,,53.9429514,-124.1090557,fire; fire hall; fire station,2023-10-10 23:00:29,,HALL,FIRE,,,
1,Location 123 - Location 245,,,,,2469,229,78.36646458,117.54924956,bc,2023-G11532,54.9614,-122.622,1100.0,UC,PDT,{00000000-0000-0000-0000-000000000000},2023-07-11 06:44:00,"Ministry of Forest, Lands and Natural Resource Operations and Rural Development - GeoBC ",provincialProtectiveServices,Provincial protective services,BC First Responders,1985,N,Bear Lake Fire Hall,,"353 Grizzly Ave, Bear Lake, BC","353 Grizzly Ave, Bear Lake, BC",353 Grizzly Ave,,Bear Lake,,,,,,54.4951257,-122.6814473,fire; fire hall; fire station,2023-10-10 23:00:29,,HALL,FIRE,,,
1,Location 124 - Location 515,,,,,3009,230,66.64662158,90.53378177,bc,2023-G41307,53.591,-124.152,44641.7,BH,PDT,{00000000-0000-0000-0000-000000000000},2023-07-08 23:25:00,"Ministry of Forest, Lands and Natural Resource Operations and Rural Development - GeoBC ",provincialProtectiveServices,Provincial protective services,BC First Responders,1938,N,Saik'uz Fire Dept,,"530 Kenney Dam Rd, Stony Creek Saik'uz IR, BC","530 Kenney Dam Rd, Stony Creek Saik'uz IR, BC",530 Kenney Dam Rd,,Stony Creek Saik'uz IR,,,,,,53.9429514,-124.1090557,fire; fire hall; fire station,2023-10-10 23:00:29,,HALL,FIRE,,,
1,Location 125 - Location 337,,,,,1759,234,32.43557089,42.24018784,bc,2023-K21633,51.0035,-119.825,45613.0,UC,PDT,{00000000-0000-0000-0000-000000000000},2023-07-13 03:52:00,"Ministry of Forest, Lands and Natural Resource Operations and Rural Development - GeoBC ",provincialProtectiveServices,Provincial protective services,BC First Responders,1819,N,Skwlax Fire Dept,,"1887 Little Shuswap Lake Rd W, Lee Creek, BC","1887 Little Shuswap Lake Rd W, Lee Creek, BC",1887 Little Shuswap Lake Rd W,,Lee Creek,,,,,,50.8694777,-119.5994291,fire; fire hall; fire station,2023-10-10 23:00:29,,HALL,FIRE,,,
1,Location 126 - Location 212,,,,,2379,235,62.46041774,93.77300896,bc,2023-R31585,55.0761,-126.766,520.0,UC,PDT,{00000000-0000-0000-0000-000000000000},2023-07-12 06:15:00,"Ministry of Forest, Lands and Natural Resource Operations and Rural Development - GeoBC ",provincialProtectiveServices,Provincial protective services,BC First Responders,1997,N,Granisle Fire Dept,,"37 Babine Dr, Granisle, BC","37 Babine Dr, Granisle, BC",37 Babine Dr,,Granisle,,,,,,54.885739,-126.2043768,fire; fire hall; fire station,2023-10-10 23:00:29,,HALL,FIRE,,,
1,Location 127 - Location 212,,,,,2379,236,89.15710722,133.81706662,bc,2023-R31465,55.3867,-126.721,639.0,UC,PDT,{00000000-0000-0000-0000-000000000000},2023-07-10 04:10:00,"Ministry of Forest, Lands and Natural Resource Operations and Rural Development - GeoBC ",provincialProtectiveServices,Provincial protective services,BC First Responders,1997,N,Granisle Fire Dept,,"37 Babine Dr, Granisle, BC","37 Babine Dr, Granisle, BC",37 Babine Dr,,Granisle,,,,,,54.885739,-126.2043768,fire; fire hall; fire station,2023-10-10 23:00:29,,HALL,FIRE,,,
1,Location 128 - Location 212,,,,,2379,237,116.69345448,175.11933349,bc,2023-R31391,55.6386,-126.734,3030.0,UC,PDT,{00000000-0000-0000-0000-000000000000},2023-07-09 20:17:00,"Ministry of Forest, Lands and Natural Resource Operations and Rural Development - GeoBC ",provincialProtectiveServices,Provincial protective services,BC First Responders,1997,N,Granisle Fire Dept,,"37 Babine Dr, Granisle, BC","37 Babine Dr, Granisle, BC",37 Babine Dr,,Granisle,,,,,,54.885739,-126.2043768,fire; fire hall; fire station,2023-10-10 23:00:29,,HALL,FIRE,,,
1,Location 129 - Location 87,,,,,1863,238,96.3779053,89.43184678,bc,2023-G91741,59.4346,-123.67,0.5,BH,PDT,{00000000-0000-0000-0000-000000000000},2023-07-16 01:20:00,"Ministry of Forest, Lands and Natural Resource Operations and Rural Development - GeoBC ",provincialProtectiveServices,Provincial protective services,BC First Responders,2047,N,Fort Nelson Fire Dept,,"5404 48th Ave, Fort Nelson, BC","5404 48th Ave, Fort Nelson, BC",5404 48th Ave,,Fort Nelson,,,,,,58.8025448,-122.7093647,fire; fire hall; fire station,2023-10-10 23:00:28,,HALL,FIRE,,,
1,Location 130 - Location 442,,,,,1271,239,15.06381068,11.48734366,bc,2023-R41510,55.0779,-128.253,105.0,UC,PDT,{00000000-0000-0000-0000-000000000000},2023-07-10 23:58:00,"Ministry of Forest, Lands and Natural Resource Operations and Rural Development - GeoBC ",provincialProtectiveServices,Provincial protective services,BC First Responders,2002,N,Gitwangak Fire Hall,,"220 Kitwanga West Rd, Gitwangak, BC","220 Kitwanga West Rd, Gitwangak, BC",220 Kitwanga West Rd,,Gitwangak,,,,,,55.1034332,-128.0688425,fire; fire hall; fire station,2023-10-10 23:00:29,,HALL,FIRE,,,
1,Location 131 - Location 492,,,,,1693,240,71.75753681,84.75012954,bc,2023-G51564,54.5447,-125.033,6143.2,UC,PDT,{00000000-0000-0000-0000-000000000000},2023-07-11 23:06:00,"Ministry of Forest, Lands and Natural Resource Operations and Rural Development - GeoBC ",provincialProtectiveServices,Provincial protective services,BC First Responders,1982,N,Fort St James Vol Fire Dept,,"374 Manson St, Fort St James, BC","374 Manson St, Fort St James, BC",374 Manson St,,Fort St James,,,,,,54.445157,-124.2563978,fire; fire hall; fire station,2023-10-10 23:00:29,,HALL,FIRE,,,
1,Location 132 - Location 515,,,,,3009,241,43.6441067,56.03025527,bc,2023-G41569,53.675,-124.334,801.1,UC,PDT,{00000000-0000-0000-0000-000000000000},2023-07-12 00:41:00,"Ministry of Forest, Lands and Natural Resource Operations and Rural Development - GeoBC ",provincialProtectiveServices,Provincial protective services,BC First Responders,1938,N,Saik'uz Fire Dept,,"530 Kenney Dam Rd, Stony Creek Saik'uz IR, BC","530 Kenney Dam Rd, Stony Creek Saik'uz IR, BC",530 Kenney Dam Rd,,Stony Creek Saik'uz IR,,,,,,53.9429514,-124.1090557,fire; fire hall; fire station,2023-10-10 23:00:29,,HALL,FIRE,,,
1,Location 134 - Location 492,,,,,1693,255,55.66439919,79.33514643,bc,2023-G51279,54.4218,-123.649,48396.3,BH,PDT,{00000000-0000-0000-0000-000000000000},2023-07-08 18:00:00,"Ministry of Forest, Lands and Natural Resource Operations and Rural Development - GeoBC ",provincialProtectiveServices,Provincial protective services,BC First Responders,1982,N,Fort St James Vol Fire Dept,,"374 Manson St, Fort St James, BC","374 Manson St, Fort St James, BC",374 Manson St,,Fort St James,,,,,,54.445157,-124.2563978,fire; fire hall; fire station,2023-10-10 23:00:29,,HALL,FIRE,,,
1,Location 136 - Location 383,,,,,1379,263,18.88862644,19.31988525,bc,2023-R33460,54.7504,-127.263,0.01,UC,PDT,{00000000-0000-0000-0000-000000000000},2023-10-30 22:19:00,"Ministry of Forest, Lands and Natural Resource Operations and Rural Development - GeoBC ",provincialProtectiveServices,Provincial protective services,BC First Responders,1994,N,Smithers Fire Dept,,"1445 Main St, Smithers, BC","1445 Main St, Smithers, BC",1445 Main St,,Smithers,,,,,,54.7822024,-127.1655837,fire; fire hall; fire station,2023-10-10 23:00:29,,HALL,FIRE,,,
1,Location 137 - Location 431,,,,,1539,264,37.11288291,31.96113729,bc,2023-R21630,54.1202,-126.888,220.0,UC,PDT,{00000000-0000-0000-0000-000000000000},2023-07-13 02:54:00,"Ministry of Forest, Lands and Natural Resource Operations and Rural Development - GeoBC ",provincialProtectiveServices,Provincial protective services,BC First Responders,1977,N,Houston Fire Dept,,"3382 11th St, Houston, BC","3382 11th St, Houston, BC",3382 11th St,,Houston,,,,,,54.3986072,-126.6476109,fire; fire hall; fire station,2023-10-10 23:00:29,,HALL,FIRE,,,
1,Location 139 - Location 431,,,,,1539,272,65.07243733,73.90114828,bc,2023-R21377,54.0454,-126.599,4762.24,UC,PDT,{00000000-0000-0000-0000-000000000000},2023-07-09 01:15:00,"Ministry of Forest, Lands and Natural Resource Operations and Rural Development - GeoBC ",provincialProtectiveServices,Provincial protective services,BC First Responders,1977,N,Houston Fire Dept,,"3382 11th St, Houston, BC","3382 11th St, Houston, BC",3382 11th St,,Houston,,,,,,54.3986072,-126.6476109,fire; fire hall; fire station,2023-10-10 23:00:29,,HALL,FIRE,,,
1,Location 140 - Location 9,,,,,2539,273,396.22336947,1385.73707001,bc,2023-V83037,50.598,-126.042,53.2,UC,PDT,{00000000-0000-0000-0000-000000000000},2023-08-29 19:58:00,"Ministry of Forest, Lands and Natural Resource Operations and Rural Development - GeoBC ",provincialProtectiveServices,Provincial protective services,BC First Responders,1177,N,Langley Township Fire Dept Hall 3 Aldergrove,,"26316 30A Ave, Langley, BC","26316 30A Ave, Langley, BC",26316 30A Ave,,Langley,,,,,,49.0573209,-122.4953096,fire; fire hall; fire station,2023-10-10 23:00:29,,HALL,FIRE,,,
1,Location 141 - Location 107,,,,,1931,274,25.72654791,19.69747331,bc,2023-V82990,49.9467,-125.776,80.0,UC,PDT,{00000000-0000-0000-0000-000000000000},2023-08-28 17:53:00,"Ministry of Forest, Lands and Natural Resource Operations and Rural Development - GeoBC ",provincialProtectiveServices,Provincial protective services,BC First Responders,1568,N,Gold River Vol Fire Dept,,"499 Muchalat Dr, Gold River, BC","499 Muchalat Dr, Gold River, BC",499 Muchalat Dr,,Gold River,,,,,,49.7806033,-126.0475636,fire; fire hall; fire station,2023-10-10 23:00:29,,HALL,FIRE,,,
1,Location 142 - Location 548,,,,,3017,276,33.12670973,41.46403771,bc,2023-V83078,50.1434,-126.137,167.4,UC,PDT,{00000000-0000-0000-0000-000000000000},2023-08-30 23:21:00,"Ministry of Forest, Lands and Natural Resource Operations and Rural Development - GeoBC ",provincialProtectiveServices,Provincial protective services,BC First Responders,1702,N,Sayward Vol Fire Dept Hall 2,,"1306 Sayward Rd, Sayward, BC","1306 Sayward Rd, Sayward, BC",1306 Sayward Rd,,Sayward,,,,,,50.3329616,-125.9182352,fire; fire hall; fire station,2023-10-10 23:00:29,,HALL,FIRE,,,
1,Location 145 - Location 219,,,,,2397,285,9.02579628,12.48432674,bc,2023-V63402,48.9483,-123.82,0.01,UC,PDT,{00000000-0000-0000-0000-000000000000},2023-10-07 23:01:00,"Ministry of Forest, Lands and Natural Resource Operations and Rural Development - GeoBC ",provincialProtectiveServices,Provincial protective services,BC First Responders,1154,N,Ladysmith Fire Dept,,"340 6th Ave, Ladysmith, BC","340 6th Ave, Ladysmith, BC",340 6th Ave,,Ladysmith,,,,,,48.9883545,-123.8234412,fire; fire hall; fire station,2023-10-10 23:00:29,,HALL,FIRE,,,
1,Location 146 - Location 107,,,,,1931,286,37.84665272,28.78755192,bc,2023-V82558,49.7641,-125.7,2320.0,UC,PDT,{00000000-0000-0000-0000-000000000000},2023-08-07 01:16:00,"Ministry of Forest, Lands and Natural Resource Operations and Rural Development - GeoBC ",provincialProtectiveServices,Provincial protective services,BC First Responders,1568,N,Gold River Vol Fire Dept,,"499 Muchalat Dr, Gold River, BC","499 Muchalat Dr, Gold River, BC",499 Muchalat Dr,,Gold River,,,,,,49.7806033,-126.0475636,fire; fire hall; fire station,2023-10-10 23:00:29,,HALL,FIRE,,,
1,Location 147 - Location 431,,,,,1539,287,14.56388195,12.99252353,bc,2023-R21178,54.3053,-126.761,1444.72,UC,PDT,{00000000-0000-0000-0000-000000000000},2023-07-07 06:17:00,"Ministry of Forest, Lands and Natural Resource Operations and Rural Development - GeoBC ",provincialProtectiveServices,Provincial protective services,BC First Responders,1977,N,Houston Fire Dept,,"3382 11th St, Houston, BC","3382 11th St, Houston, BC",3382 11th St,,Houston,,,,,,54.3986072,-126.6476109,fire; fire hall; fire station,2023-10-10 23:00:29,,HALL,FIRE,,,
1,Location 148 - Location 105,,,,,1927,288,37.49128775,43.2712786,bc,2023-R11277,54.4005,-125.469,6890.0,UC,PDT,{00000000-0000-0000-0000-000000000000},2023-07-08 17:53:00,"Ministry of Forest, Lands and Natural Resource Operations and Rural Development - GeoBC ",provincialProtectiveServices,Provincial protective services,BC First Responders,1970,N,Burns Lake Fire Dept,,"7 3rd Ave, Burns Lake, BC","7 3rd Ave, Burns Lake, BC",7 3rd Ave,,Burns Lake,,,,,,54.230184,-125.7644607,fire; fire hall; fire station,2023-10-10 23:00:29,,HALL,FIRE,,,
1,Location 150 - Location 107,,,,,1931,290,28.08800895,21.4685691,bc,2023-V83080,49.9382,-125.742,8.18,UC,PDT,{00000000-0000-0000-0000-000000000000},2023-08-30 23:44:00,"Ministry of Forest, Lands and Natural Resource Operations and Rural Development - GeoBC ",provincialProtectiveServices,Provincial protective services,BC First Responders,1568,N,Gold River Vol Fire Dept,,"499 Muchalat Dr, Gold River, BC","499 Muchalat Dr, Gold River, BC",499 Muchalat Dr,,Gold River,,,,,,49.7806033,-126.0475636,fire; fire hall; fire station,2023-10-10 23:00:29,,HALL,FIRE,,,
1,Location 152 - Location 9,,,,,2539,293,400.80156691,1402.90630009,bc,2023-V83039,50.611,-126.112,1.2,UC,PDT,{00000000-0000-0000-0000-000000000000},2023-08-29 20:06:00,"Ministry of Forest, Lands and Natural Resource Operations and Rural Development - GeoBC ",provincialProtectiveServices,Provincial protective services,BC First Responders,1177,N,Langley Township Fire Dept Hall 3 Aldergrove,,"26316 30A Ave, Langley, BC","26316 30A Ave, Langley, BC",26316 30A Ave,,Langley,,,,,,49.0573209,-122.4953096,fire; fire hall; fire station,2023-10-10 23:00:29,,HALL,FIRE,,,
1,Location 154 - Location 105,,,,,1927,297,10.41421724,11.60648612,bc,2023-R11244,54.2352,-125.643,8044.0,UC,PDT,{00000000-0000-0000-0000-000000000000},2023-07-08 04:05:00,"Ministry of Forest, Lands and Natural Resource Operations and Rural Development - GeoBC ",provincialProtectiveServices,Provincial protective services,BC First Responders,1970,N,Burns Lake Fire Dept,,"7 3rd Ave, Burns Lake, BC","7 3rd Ave, Burns Lake, BC",7 3rd Ave,,Burns Lake,,,,,,54.230184,-125.7644607,fire; fire hall; fire station,2023-10-10 23:00:29,,HALL,FIRE,,,
1,Location 155 - Location 440,,,,,1267,298,48.20956771,48.05643226,bc,2023-R21234,54.0151,-126.384,6758.0,UC,PDT,{00000000-0000-0000-0000-000000000000},2023-07-08 02:37:00,"Ministry of Forest, Lands and Natural Resource Operations and Rural Development - GeoBC ",provincialProtectiveServices,Provincial protective services,BC First Responders,1950,N,Southside Fire Dept,,"1122 Whitney Way, Southbank, BC","1122 Whitney Way, Southbank, BC",1122 Whitney Way,,Southbank,,,,,,54.0227273,-125.7698911,fire; fire hall; fire station,2023-10-10 23:00:29,,HALL,FIRE,,,
1,Location 157 - Location 440,,,,,1267,306,103.06289144,108.48721267,bc,2023-R23113,53.661,-126.793,0.01,OC,PDT,{00000000-0000-0000-0000-000000000000},2023-09-01 23:39:00.000001,"Ministry of Forest, Lands and Natural Resource Operations and Rural Development - GeoBC ",provincialProtectiveServices,Provincial protective services,BC First Responders,1950,N,Southside Fire Dept,,"1122 Whitney Way, Southbank, BC","1122 Whitney Way, Southbank, BC",1122 Whitney Way,,Southbank,,,,,,54.0227273,-125.7698911,fire; fire hall; fire station,2023-10-10 23:00:29,,HALL,FIRE,,,
1,Location 158 - Location 67,,,,,2237,309,6.47152484,4.85366271,bc,2023-V53186,49.8224,-123.812,0.5,UC,PDT,{00000000-0000-0000-0000-000000000000},2023-09-08 01:31:00,"Ministry of Forest, Lands and Natural Resource Operations and Rural Development - GeoBC ",provincialProtectiveServices,Provincial protective services,BC First Responders,1562,N,Egmont Fire Hall,,"5592 Egmont Rd, Egmont, BC","5592 Egmont Rd, Egmont, BC",5592 Egmont Rd,,Egmont,,,,,,49.7490922,-123.9941474,fire; fire hall; fire station,2023-10-10 23:00:29,,HALL,FIRE,,,
1,Location 161 - Location 440,,,,,1267,315,51.35168044,39.99102355,bc,2023-R13032,53.6694,-126.291,2.0,OC,PDT,{00000000-0000-0000-0000-000000000000},2023-08-29 18:11:00.000001,"Ministry of Forest, Lands and Natural Resource Operations and Rural Development - GeoBC ",provincialProtectiveServices,Provincial protective services,BC First Responders,1950,N,Southside Fire Dept,,"1122 Whitney Way, Southbank, BC","1122 Whitney Way, Southbank, BC",1122 Whitney Way,,Southbank,,,,,,54.0227273,-125.7698911,fire; fire hall; fire station,2023-10-10 23:00:29,,HALL,FIRE,,,
1,Location 162 - Location 87,,,,,1863,316,190.02106288,144.23389818,bc,2023-G93417,58.8848,-125.261,0.5,OC,PDT,{00000000-0000-0000-0000-000000000000},2023-10-12 22:31:00,"Ministry of Forest, Lands and Natural Resource Operations and Rural Development - GeoBC ",provincialProtectiveServices,Provincial protective services,BC First Responders,2047,N,Fort Nelson Fire Dept,,"5404 48th Ave, Fort Nelson, BC","5404 48th Ave, Fort Nelson, BC",5404 48th Ave,,Fort Nelson,,,,,,58.8025448,-122.7093647,fire; fire hall; fire station,2023-10-10 23:00:28,,HALL,FIRE,,,
1,Location 164 - Location 107,,,,,1931,319,79.32368858,89.53421431,bc,2023-V83111,49.5523,-125.648,7.0,UC,PDT,{00000000-0000-0000-0000-000000000000},2023-09-01 22:04:00,"Ministry of Forest, Lands and Natural Resource Operations and Rural Development - GeoBC ",provincialProtectiveServices,Provincial protective services,BC First Responders,1568,N,Gold River Vol Fire Dept,,"499 Muchalat Dr, Gold River, BC","499 Muchalat Dr, Gold River, BC",499 Muchalat Dr,,Gold River,,,,,,49.7806033,-126.0475636,fire; fire hall; fire station,2023-10-10 23:00:29,,HALL,FIRE,,,
1,Location 166 - Location 166,,,,,2173,321,123.71115496,101.88559171,bc,2023-R53413,56.5134,-129.542,0.01,UC,PDT,{00000000-0000-0000-0000-000000000000},2023-10-10 02:39:00.000001,"Ministry of Forest, Lands and Natural Resource Operations and Rural Development - GeoBC ",provincialProtectiveServices,Provincial protective services,BC First Responders,2031,N,Stewart Fire Dept,,"705 Brightwell St, Stewart, BC","705 Brightwell St, Stewart, BC",705 Brightwell St,,Stewart,,,,,,55.9384348,-129.9914113,fire; fire hall; fire station,2023-10-10 23:00:28,,HALL,FIRE,,,
1,Location 167 - Location 3,,,,,2263,322,141.8531278,141.08125562,bc,2023-G60603,55.912,-123.135,363.88,UC,PDT,{00000000-0000-0000-0000-000000000000},2023-06-04 16:12:00.000001,"Ministry of Forest, Lands and Natural Resource Operations and Rural Development - GeoBC ",provincialProtectiveServices,Provincial protective services,BC First Responders,2022,N,Chetwynd Fire Dept,,"5400 Hospital Rd NW, Chetwynd, BC","5400 Hospital Rd NW, Chetwynd, BC",5400 Hospital Rd NW,,Chetwynd,,,,,,55.6959314,-121.6382504,fire; fire hall; fire station,2023-10-10 23:00:29,,HALL,FIRE,,,
1,Location 169 - Location 3,,,,,2263,325,131.81876399,126.02888211,bc,2023-G62150,55.8255,-123.187,375.53,UC,PDT,{00000000-0000-0000-0000-000000000000},2023-07-23 01:43:00,"Ministry of Forest, Lands and Natural Resource Operations and Rural Development - GeoBC ",provincialProtectiveServices,Provincial protective services,BC First Responders,2022,N,Chetwynd Fire Dept,,"5400 Hospital Rd NW, Chetwynd, BC","5400 Hospital Rd NW, Chetwynd, BC",5400 Hospital Rd NW,,Chetwynd,,,,,,55.6959314,-121.6382504,fire; fire hall; fire station,2023-10-10 23:00:29,,HALL,FIRE,,,
1,Location 170 - Location 3,,,,,2263,326,141.69821928,140.84890288,bc,2023-G63092,55.9044,-123.102,58.46,UC,PDT,{00000000-0000-0000-0000-000000000000},2023-08-31 19:19:00,"Ministry of Forest, Lands and Natural Resource Operations and Rural Development - GeoBC ",provincialProtectiveServices,Provincial protective services,BC First Responders,2022,N,Chetwynd Fire Dept,,"5400 Hospital Rd NW, Chetwynd, BC","5400 Hospital Rd NW, Chetwynd, BC",5400 Hospital Rd NW,,Chetwynd,,,,,,55.6959314,-121.6382504,fire; fire hall; fire station,2023-10-10 23:00:29,,HALL,FIRE,,,
1,Location 172 - Location 364,,,,,1359,329,84.87972176,111.32303035,bc,2023-V33249,50.2593,-123.656,10.0,UC,PDT,{00000000-0000-0000-0000-000000000000},2023-09-14 01:41:00.000001,"Ministry of Forest, Lands and Natural Resource Operations and Rural Development - GeoBC ",provincialProtectiveServices,Provincial protective services,BC First Responders,1565,N,Squamish Fire Rescue Hall 2,,"40439 Tantalus Rd, Squamish, BC","40439 Tantalus Rd, Squamish, BC",40439 Tantalus Rd,,Squamish,,,,,,49.7422073,-123.1335343,fire; fire hall; fire station,2023-10-10 23:00:29,,HALL,FIRE,,,
1,Location 173 - Location 507,,,,,2989,330,75.90949268,105.02534268,bc,2023-G62952,55.5756,-123.544,205.06,OC,PDT,{00000000-0000-0000-0000-000000000000},2023-08-26 17:00:00,"Ministry of Forest, Lands and Natural Resource Operations and Rural Development - GeoBC ",provincialProtectiveServices,Provincial protective services,BC First Responders,2017,N,Mackenzie Fire Dept,,"60 Centennial Dr, Mackenzie, BC","60 Centennial Dr, Mackenzie, BC",60 Centennial Dr,,Mackenzie,,,,,,55.3384488,-123.0978155,fire; fire hall; fire station,2023-10-10 23:00:29,,HALL,FIRE,,,
1,Location 174 - Location 507,,,,,2989,331,84.67881699,118.18095125,bc,2023-G60853,55.2402,-123.67,22372.8,OC,PDT,{00000000-0000-0000-0000-000000000000},2023-06-24 02:48:00,"Ministry of Forest, Lands and Natural Resource Operations and Rural Development - GeoBC ",provincialProtectiveServices,Provincial protective services,BC First Responders,2017,N,Mackenzie Fire Dept,,"60 Centennial Dr, Mackenzie, BC","60 Centennial Dr, Mackenzie, BC",60 Centennial Dr,,Mackenzie,,,,,,55.3384488,-123.0978155,fire; fire hall; fire station,2023-10-10 23:00:29,,HALL,FIRE,,,
1,Location 176 - Location 87,,,,,1863,334,112.75925731,79.03201112,bc,2023-G93145,58.5577,-124.234,0.01,OC,PDT,{00000000-0000-0000-0000-000000000000},2023-09-03 01:19:00,"Ministry of Forest, Lands and Natural Resource Operations and Rural Development - GeoBC ",provincialProtectiveServices,Provincial protective services,BC First Responders,2047,N,Fort Nelson Fire Dept,,"5404 48th Ave, Fort Nelson, BC","5404 48th Ave, Fort Nelson, BC",5404 48th Ave,,Fort Nelson,,,,,,58.8025448,-122.7093647,fire; fire hall; fire station,2023-10-10 23:00:28,,HALL,FIRE,,,
1,Location 177 - Location 87,,,,,1863,335,97.38865257,67.13511406,bc,2023-G93156,58.8513,-123.969,0.01,OC,PDT,{00000000-0000-0000-0000-000000000000},2023-09-04 00:54:00,"Ministry of Forest, Lands and Natural Resource Operations and Rural Development - GeoBC ",provincialProtectiveServices,Provincial protective services,BC First Responders,2047,N,Fort Nelson Fire Dept,,"5404 48th Ave, Fort Nelson, BC","5404 48th Ave, Fort Nelson, BC",5404 48th Ave,,Fort Nelson,,,,,,58.8025448,-122.7093647,fire; fire hall; fire station,2023-10-10 23:00:28,,HALL,FIRE,,,
1,Location 179 - Location 440,,,,,1267,339,77.67671824,58.82337916,bc,2023-R11282,53.5192,-125.853,24810.8,OC,PDT,{00000000-0000-0000-0000-000000000000},2023-07-08 18:33:00,"Ministry of Forest, Lands and Natural Resource Operations and Rural Development - GeoBC ",provincialProtectiveServices,Provincial protective services,BC First Responders,1950,N,Southside Fire Dept,,"1122 Whitney Way, Southbank, BC","1122 Whitney Way, Southbank, BC",1122 Whitney Way,,Southbank,,,,,,54.0227273,-125.7698911,fire; fire hall; fire station,2023-10-10 23:00:29,,HALL,FIRE,,,
1,Location 180 - Location 466,,,,,1151,341,62.7744464,81.59101125,bc,2023-G72197,55.9988,-122.375,0.2,UC,PDT,{00000000-0000-0000-0000-000000000000},2023-07-23 20:54:00,"Ministry of Forest, Lands and Natural Resource Operations and Rural Development - GeoBC ",provincialProtectiveServices,Provincial protective services,BC First Responders,2033,N,Hudsons Hope Fire Dept,,"9904 Dudley Dr, Hudsons Hope, BC","9904 Dudley Dr, Hudsons Hope, BC",9904 Dudley Dr,,Hudsons Hope,,,,,,56.02601,-121.9138675,fire; fire hall; fire station,2023-10-10 23:00:29,,HALL,FIRE,,,
1,Location 181 - Location 115,,,,,1949,342,80.03619895,116.84501626,bc,2023-C31442,52.6915,-120.828,43.71,UC,PDT,{00000000-0000-0000-0000-000000000000},2023-07-10 01:42:00,"Ministry of Forest, Lands and Natural Resource Operations and Rural Development - GeoBC ",provincialProtectiveServices,Provincial protective services,BC First Responders,1911,N,Wells Vol Fire Dept,,"2314 Baker St, Wells, BC","2314 Baker St, Wells, BC",2314 Baker St,,Wells,,,,,,53.1050833,-121.5730833,fire; fire hall; fire station,2023-10-10 23:00:29,,HALL,FIRE,,,
1,Location 183 - Location 9,,,,,2539,344,398.65198205,1394.84462876,bc,2023-V83149,50.636,-126.079,0.01,UC,PDT,{00000000-0000-0000-0000-000000000000},2023-09-03 04:39:00,"Ministry of Forest, Lands and Natural Resource Operations and Rural Development - GeoBC ",provincialProtectiveServices,Provincial protective services,BC First Responders,1177,N,Langley Township Fire Dept Hall 3 Aldergrove,,"26316 30A Ave, Langley, BC","26316 30A Ave, Langley, BC",26316 30A Ave,,Langley,,,,,,49.0573209,-122.4953096,fire; fire hall; fire station,2023-10-10 23:00:29,,HALL,FIRE,,,
1,Location 184 - Location 518,,,,,3077,351,98.30807701,154.35086216,bc,2023-R53134,55.7814,-129.009,0.15,UC,PDT,{00000000-0000-0000-0000-000000000000},2023-09-02 23:03:00,"Ministry of Forest, Lands and Natural Resource Operations and Rural Development - GeoBC ",provincialProtectiveServices,Provincial protective services,BC First Responders,2009,N,New Aiyansh Vol Fire Hall,,"117 Nass Rd, New Aiyansh, BC","117 Nass Rd, New Aiyansh, BC",117 Nass Rd,,New Aiyansh,,,,,,55.2132435,-129.0895838,fire; fire hall; fire station,2023-10-10 23:00:29,,HALL,FIRE,,,
1,Location 185 - Location 507,,,,,2989,352,136.57870126,196.02914743,bc,2023-G60655,55.9945,-124.082,3215.3,UC,PDT,{00000000-0000-0000-0000-000000000000},2023-06-07 02:16:00,"Ministry of Forest, Lands and Natural Resource Operations and Rural Development - GeoBC ",provincialProtectiveServices,Provincial protective services,BC First Responders,2017,N,Mackenzie Fire Dept,,"60 Centennial Dr, Mackenzie, BC","60 Centennial Dr, Mackenzie, BC",60 Centennial Dr,,Mackenzie,,,,,,55.3384488,-123.0978155,fire; fire hall; fire station,2023-10-10 23:00:29,,HALL,FIRE,,,
1,Location 186 - Location 285,,,,,2941,353,19.51365702,21.76558762,bc,2023-G73106,55.9836,-121.675,2.0,UC,PDT,{00000000-0000-0000-0000-000000000000},2023-09-01 20:55:00.000001,"Ministry of Forest, Lands and Natural Resource Operations and Rural Development - GeoBC ",provincialProtectiveServices,Provincial protective services,BC First Responders,2029,N,Moberly Lake Fire Dept,,"6492 Lakeshore Dr, Moberly Lake, BC","6492 Lakeshore Dr, Moberly Lake, BC",6492 Lakeshore Dr,,Moberly Lake,,,,,,55.8338005,-121.753651,fire; fire hall; fire station,2023-10-10 23:00:29,,HALL,FIRE,,,
1,Location 187 - Location 550,,,,,2841,354,159.38016808,171.85237292,bc,2023-C51571,52.7728,-125.58,3350.0,UC,PDT,{00000000-0000-0000-0000-000000000000},2023-07-12 00:54:00,"Ministry of Forest, Lands and Natural Resource Operations and Rural Development - GeoBC ",provincialProtectiveServices,Provincial protective services,BC First Responders,1890,N,Noosatsum Fire Dept,,"2644 Gibbs Rd, Hagensborg, BC","2644 Gibbs Rd, Hagensborg, BC",2644 Gibbs Rd,,Hagensborg,,,,,,52.3988459,-126.484069,fire; fire hall; fire station,2023-10-10 23:00:29,,HALL,FIRE,,,
1,Location 189 - Location 490,,,,,1683,356,1.7329554,2.59957206,bc,2023-V53027,49.7122,-123.553,415.5,UC,PDT,{00000000-0000-0000-0000-000000000000},2023-08-29 16:46:00,"Ministry of Forest, Lands and Natural Resource Operations and Rural Development - GeoBC ",provincialProtectiveServices,Provincial protective services,BC First Responders,1519,N,Howe Sound Pulp & Paper Fire Rescue,,"3838 Port Mellon Hwy, Port Mellon, BC","3838 Port Mellon Hwy, Port Mellon, BC",3838 Port Mellon Hwy,,Port Mellon,,,,,,49.5224936,-123.4905565,fire; fire hall; fire station,2023-10-10 23:00:29,,HALL,FIRE,,,
1,Location 191 - Location 3,,,,,2263,359,28.61087085,26.00684488,bc,2023-G73406,55.6319,-121.428,1246.0,BH,PDT,{00000000-0000-0000-0000-000000000000},2023-10-09 00:04:00,"Ministry of Forest, Lands and Natural Resource Operations and Rural Development - GeoBC ",provincialProtectiveServices,Provincial protective services,BC First Responders,2022,N,Chetwynd Fire Dept,,"5400 Hospital Rd NW, Chetwynd, BC","5400 Hospital Rd NW, Chetwynd, BC",5400 Hospital Rd NW,,Chetwynd,,,,,,55.6959314,-121.6382504,fire; fire hall; fire station,2023-10-10 23:00:29,,HALL,FIRE,,,
1,Location 192 - Location 507,,,,,2989,363,178.45546752,258.84179695,bc,2023-G60666,55.9468,-124.545,166857.0,OC,PDT,{00000000-0000-0000-0000-000000000000},2023-06-08 02:14:00,"Ministry of Forest, Lands and Natural Resource Operations and Rural Development - GeoBC ",provincialProtectiveServices,Provincial protective services,BC First Responders,2017,N,Mackenzie Fire Dept,,"60 Centennial Dr, Mackenzie, BC","60 Centennial Dr, Mackenzie, BC",60 Centennial Dr,,Mackenzie,,,,,,55.3384488,-123.0978155,fire; fire hall; fire station,2023-10-10 23:00:29,,HALL,FIRE,,,
1,Location 193 - Location 67,,,,,2237,364,7.28399295,22.46297785,bc,2023-V53043,49.8718,-123.952,2.5,UC,PDT,{00000000-0000-0000-0000-000000000000},2023-08-29 20:35:00,"Ministry of Forest, Lands and Natural Resource Operations and Rural Development - GeoBC ",provincialProtectiveServices,Provincial protective services,BC First Responders,1562,N,Egmont Fire Hall,,"5592 Egmont Rd, Egmont, BC","5592 Egmont Rd, Egmont, BC",5592 Egmont Rd,,Egmont,,,,,,49.7490922,-123.9941474,fire; fire hall; fire station,2023-10-10 23:00:29,,HALL,FIRE,,,
1,Location 194 - Location 84,,,,,2673,366,82.08772406,104.72015566,bc,2023-G43171,53.5489,-123.611,12.2,UC,PDT,{00000000-0000-0000-0000-000000000000},2023-09-06 16:24:00,"Ministry of Forest, Lands and Natural Resource Operations and Rural Development - GeoBC ",provincialProtectiveServices,Provincial protective services,BC First Responders,1932,N,Prince George Fire Rescue Hall 3 Vanway,,"3778 Konrath Rd, Prince George, BC","3778 Konrath Rd, Prince George, BC",3778 Konrath Rd,,Prince George,,,,,,53.8607979,-122.8043613,fire; fire hall; fire station,2023-10-10 23:00:29,,HALL,FIRE,,,
1,Location 195 - Location 133,,,,,2093,367,52.38748396,72.61019985,bc,2023-V31300,50.6978,-123.449,1915.0,UC,PDT,{00000000-0000-0000-0000-000000000000},2023-07-08 22:48:00,"Ministry of Forest, Lands and Natural Resource Operations and Rural Development - GeoBC ",provincialProtectiveServices,Provincial protective services,BC First Responders,1725,N,Pemberton Meadows Fire Association,,"8751 Pemberton Meadows Rd, Pemberton Meadows, BC","8751 Pemberton Meadows Rd, Pemberton Meadows, BC",8751 Pemberton Meadows Rd,,Pemberton Meadows,,,,,,50.4412249,-122.9130246,fire; fire hall; fire station,2023-10-10 23:00:28,,HALL,FIRE,,,
1,Location 196 - Location 133,,,,,2093,368,40.48437735,54.75566901,bc,2023-V31726,50.7078,-123.316,258.0,UC,PDT,{00000000-0000-0000-0000-000000000000},2023-07-15 21:24:00.000001,"Ministry of Forest, Lands and Natural Resource Operations and Rural Development - GeoBC ",provincialProtectiveServices,Provincial protective services,BC First Responders,1725,N,Pemberton Meadows Fire Association,,"8751 Pemberton Meadows Rd, Pemberton Meadows, BC","8751 Pemberton Meadows Rd, Pemberton Meadows, BC",8751 Pemberton Meadows Rd,,Pemberton Meadows,,,,,,50.4412249,-122.9130246,fire; fire hall; fire station,2023-10-10 23:00:28,,HALL,FIRE,,,
1,Location 197 - Location 209,,,,,2371,369,25.3848106,76.15397405,bc,2023-V33258,50.5959,-122.734,300.0,UC,PDT,{00000000-0000-0000-0000-000000000000},2023-09-15 15:20:00,"Ministry of Forest, Lands and Natural Resource Operations and Rural Development - GeoBC ",provincialProtectiveServices,Provincial protective services,BC First Responders,1728,N,Birken Fire Hall,,"9223 Pemberton Portage Rd, Birken, BC","9223 Pemberton Portage Rd, Birken, BC",9223 Pemberton Portage Rd,,Birken,,,,,,50.4822161,-122.6081076,fire; fire hall; fire station,2023-10-10 23:00:29,,HALL,FIRE,,,
1,Location 207 - Location 3,,,,,2263,384,64.3374867,70.54544231,bc,2023-G73192,55.4097,-121.185,17.0,BH,PDT,{00000000-0000-0000-0000-000000000000},2023-09-08 20:11:00,"Ministry of Forest, Lands and Natural Resource Operations and Rural Development - GeoBC ",provincialProtectiveServices,Provincial protective services,BC First Responders,2022,N,Chetwynd Fire Dept,,"5400 Hospital Rd NW, Chetwynd, BC","5400 Hospital Rd NW, Chetwynd, BC",5400 Hospital Rd NW,,Chetwynd,,,,,,55.6959314,-121.6382504,fire; fire hall; fire station,2023-10-10 23:00:29,,HALL,FIRE,,,
1,Location 208 - Location 479,,,,,1637,385,45.63547866,68.45793583,bc,2023-C33293,52.4193,-120.869,0.5,UC,PDT,{00000000-0000-0000-0000-000000000000},2023-09-17 02:02:00,"Ministry of Forest, Lands and Natural Resource Operations and Rural Development - GeoBC ",provincialProtectiveServices,Provincial protective services,BC First Responders,1891,N,Horsefly Vol Fire Dept,,"3055 Boswell St, Horsefly, BC","3055 Boswell St, Horsefly, BC",3055 Boswell St,,Horsefly,,,,,,52.334778,-121.4161406,fire; fire hall; fire station,2023-10-10 23:00:29,,HALL,FIRE,,,
1,Location 209 - Location 552,,,,,2849,386,2.88422794,4.32626902,bc,2023-V53405,49.9963,-124.759,1.5,UC,PDT,{00000000-0000-0000-0000-000000000000},2023-10-08 16:32:00,"Ministry of Forest, Lands and Natural Resource Operations and Rural Development - GeoBC ",provincialProtectiveServices,Provincial protective services,BC First Responders,1598,N,Savary Island Vol Fire Hall West,,"1134 Vancouver Blvd, Savary Island, BC","1134 Vancouver Blvd, Savary Island, BC",1134 Vancouver Blvd,,Savary Island,,,,,,49.940665,-124.8598788,fire; fire hall; fire station,2023-10-10 23:00:29,,HALL,FIRE,,,
1,Location 211 - Location 268,,,,,2885,389,51.70410841,52.5859654,bc,2023-V83463,50.4227,-126.416,0.01,BH,PDT,{00000000-0000-0000-0000-000000000000},2023-11-02 19:44:00,"Ministry of Forest, Lands and Natural Resource Operations and Rural Development - GeoBC ",provincialProtectiveServices,Provincial protective services,BC First Responders,1676,N,Woss Fire Dept,,"4505 MacRae Dr, Woss, BC","4505 MacRae Dr, Woss, BC",4505 MacRae Dr,,Woss,,,,,,50.2123901,-126.6037488,fire; fire hall; fire station,2023-10-10 23:00:29,,HALL,FIRE,,,
1,Location 212 - Location 293,,,,,1051,391,28.84387836,30.59372382,bc,2023-R33451,54.7039,-126.784,0.1,UC,PDT,{00000000-0000-0000-0000-000000000000},2023-10-21 18:57:00,"Ministry of Forest, Lands and Natural Resource Operations and Rural Development - GeoBC ",provincialProtectiveServices,Provincial protective services,BC First Responders,1990,N,Telkwa Vol Fire Dept,,"1234 Hwy 16, Telkwa, BC","1234 Hwy 16, Telkwa, BC",1234 Hwy 16,,Telkwa,,,,,,54.7076566,-127.0580665,fire; fire hall; fire station,2023-10-10 23:00:29,,HALL,FIRE,,,
1,Location 213 - Location 390,,,,,1405,392,25.80682617,27.25691431,bc,2023-C23452,52.0435,-121.702,2.13,UC,PDT,{00000000-0000-0000-0000-000000000000},2023-10-27 23:22:00,"Ministry of Forest, Lands and Natural Resource Operations and Rural Development - GeoBC ",provincialProtectiveServices,Provincial protective services,BC First Responders,1872,N,150 Mile House Vol Fire Dept,,"3038 Pigeon Rd, 150 Mile House, BC","3038 Pigeon Rd, 150 Mile House, BC",3038 Pigeon Rd,,150 Mile House,,,,,,52.1055833,-121.9152222,fire; fire hall; fire station,2023-10-10 23:00:29,,HALL,FIRE,,,
1,Location 214 - Location 182,,,,,2325,393,73.69813394,97.71381271,bc,2023-C23453,51.5977,-122.264,19.6,UC,PDT,{00000000-0000-0000-0000-000000000000},2023-10-28 01:14:00,"Ministry of Forest, Lands and Natural Resource Operations and Rural Development - GeoBC ",provincialProtectiveServices,Provincial protective services,BC First Responders,1868,N,Chimney And Felker Lake Fire Dept,,"2622 Chimney Lake Rd, Chimney Lake, BC","2622 Chimney Lake Rd, Chimney Lake, BC",2622 Chimney Lake Rd,,Chimney Lake,,,,,,51.9294542,-121.9845747,fire; fire hall; fire station,2023-10-10 23:00:29,,HALL,FIRE,,,
1,Location 215 - Location 390,,,,,1405,394,25.80682617,27.25691431,bc,2023-C23455,52.044,-121.701,0.04,UC,PDT,{00000000-0000-0000-0000-000000000000},2023-10-28 20:02:00,"Ministry of Forest, Lands and Natural Resource Operations and Rural Development - GeoBC ",provincialProtectiveServices,Provincial protective services,BC First Responders,1872,N,150 Mile House Vol Fire Dept,,"3038 Pigeon Rd, 150 Mile House, BC","3038 Pigeon Rd, 150 Mile House, BC",3038 Pigeon Rd,,150 Mile House,,,,,,52.1055833,-121.9152222,fire; fire hall; fire station,2023-10-10 23:00:29,,HALL,FIRE,,,
1,Location 216 - Location 390,,,,,1405,395,25.8430901,27.31130028,bc,2023-C23459,52.0394,-121.693,5.99,UC,PDT,{00000000-0000-0000-0000-000000000000},2023-10-30 18:53:00.000001,"Ministry of Forest, Lands and Natural Resource Operations and Rural Development - GeoBC ",provincialProtectiveServices,Provincial protective services,BC First Responders,1872,N,150 Mile House Vol Fire Dept,,"3038 Pigeon Rd, 150 Mile House, BC","3038 Pigeon Rd, 150 Mile House, BC",3038 Pigeon Rd,,150 Mile House,,,,,,52.1055833,-121.9152222,fire; fire hall; fire station,2023-10-10 23:00:29,,HALL,FIRE,,,
1,Location 217 - Location 390,,,,,1405,396,25.82260737,27.28058179,bc,2023-C23454,52.0428,-121.699,1.91,UC,PDT,{00000000-0000-0000-0000-000000000000},2023-10-28 19:50:00,"Ministry of Forest, Lands and Natural Resource Operations and Rural Development - GeoBC ",provincialProtectiveServices,Provincial protective services,BC First Responders,1872,N,150 Mile House Vol Fire Dept,,"3038 Pigeon Rd, 150 Mile House, BC","3038 Pigeon Rd, 150 Mile House, BC",3038 Pigeon Rd,,150 Mile House,,,,,,52.1055833,-121.9152222,fire; fire hall; fire station,2023-10-10 23:00:29,,HALL,FIRE,,,
1,Location 220 - Location 218,,,,,2395,400,141.6102923,178.51765434,bc,2023-G41560,53.4528,-124.214,1144.3,BH,PDT,{00000000-0000-0000-0000-000000000000},2023-07-11 22:55:00,"Ministry of Forest, Lands and Natural Resource Operations and Rural Development - GeoBC ",provincialProtectiveServices,Provincial protective services,BC First Responders,1906,N,Bouchie Lake Fire Dept,,"2351 Centennial Rd, Bouchie Lake, BC","2351 Centennial Rd, Bouchie Lake, BC",2351 Centennial Rd,,Bouchie Lake,,,,,,53.0232778,-122.6028611,fire; fire hall; fire station,2023-10-10 23:00:29,,HALL,FIRE,,,
1,Location 221 - Location 201,,,,,2339,401,28.78994233,22.02494498,bc,2023-G70644,55.3792,-120.083,4427.0,UC,PDT,{00000000-0000-0000-0000-000000000000},2023-06-06 20:15:00,"Ministry of Forest, Lands and Natural Resource Operations and Rural Development - GeoBC ",provincialProtectiveServices,Provincial protective services,BC First Responders,2020,N,Tomslake And District  Fire Dept,,"15407 Tomslake Dr, Tomslake, BC","15407 Tomslake Dr, Tomslake, BC",15407 Tomslake Dr,,Tomslake,,,,,,55.5556238,-120.0838092,fire; fire hall; fire station,2023-10-10 23:00:29,,HALL,FIRE,,,
1,Location 222 - Location 507,,,,,2989,402,226.01575048,285.54026691,bc,2023-G51614,55.5544,-125.128,5.8,UC,PDT,{00000000-0000-0000-0000-000000000000},2023-07-13 00:15:00,"Ministry of Forest, Lands and Natural Resource Operations and Rural Development - GeoBC ",provincialProtectiveServices,Provincial protective services,BC First Responders,2017,N,Mackenzie Fire Dept,,"60 Centennial Dr, Mackenzie, BC","60 Centennial Dr, Mackenzie, BC",60 Centennial Dr,,Mackenzie,,,,,,55.3384488,-123.0978155,fire; fire hall; fire station,2023-10-10 23:00:29,,HALL,FIRE,,,
1,Location 223 - Location 508,,,,,2991,404,134.24010935,118.99371705,bc,2023-C53002,52.0622,-123.56,1235.3,UC,PDT,{00000000-0000-0000-0000-000000000000},2023-08-28 23:26:00.000001,"Ministry of Forest, Lands and Natural Resource Operations and Rural Development - GeoBC ",provincialProtectiveServices,Provincial protective services,BC First Responders,1874,N,Williams Lake Fire Dept,,"230 Hodgson Rd, Williams Lake, BC","230 Hodgson Rd, Williams Lake, BC",230 Hodgson Rd,,Williams Lake,,,,,,52.1167778,-122.1322222,fire; fire hall; fire station,2023-10-10 23:00:29,,HALL,FIRE,,,
1,Location 224 - Location 107,,,,,1931,406,22.31895211,17.14177646,bc,2023-V83246,49.7326,-125.802,0.01,UC,PDT,{00000000-0000-0000-0000-000000000000},2023-09-13 22:51:00,"Ministry of Forest, Lands and Natural Resource Operations and Rural Development - GeoBC ",provincialProtectiveServices,Provincial protective services,BC First Responders,1568,N,Gold River Vol Fire Dept,,"499 Muchalat Dr, Gold River, BC","499 Muchalat Dr, Gold River, BC",499 Muchalat Dr,,Gold River,,,,,,49.7806033,-126.0475636,fire; fire hall; fire station,2023-10-10 23:00:29,,HALL,FIRE,,,
1,Location 225 - Location 515,,,,,3009,407,102.06024236,143.11288527,bc,2023-G41593,53.4824,-125.035,29.3,UC,PDT,{00000000-0000-0000-0000-000000000000},2023-07-12 19:23:00,"Ministry of Forest, Lands and Natural Resource Operations and Rural Development - GeoBC ",provincialProtectiveServices,Provincial protective services,BC First Responders,1938,N,Saik'uz Fire Dept,,"530 Kenney Dam Rd, Stony Creek Saik'uz IR, BC","530 Kenney Dam Rd, Stony Creek Saik'uz IR, BC",530 Kenney Dam Rd,,Stony Creek Saik'uz IR,,,,,,53.9429514,-124.1090557,fire; fire hall; fire station,2023-10-10 23:00:29,,HALL,FIRE,,,
1,Location 226 - Location 3,,,,,2263,408,41.80220934,26.27085176,bc,2023-G73347,55.7333,-122.261,15.0,BH,PDT,{00000000-0000-0000-0000-000000000000},2023-09-22 22:59:00,"Ministry of Forest, Lands and Natural Resource Operations and Rural Development - GeoBC ",provincialProtectiveServices,Provincial protective services,BC First Responders,2022,N,Chetwynd Fire Dept,,"5400 Hospital Rd NW, Chetwynd, BC","5400 Hospital Rd NW, Chetwynd, BC",5400 Hospital Rd NW,,Chetwynd,,,,,,55.6959314,-121.6382504,fire; fire hall; fire station,2023-10-10 23:00:29,,HALL,FIRE,,,
1,Location 227 - Location 479,,,,,1637,409,55.72338577,83.59106545,bc,2023-C31349,52.4453,-120.754,240.15,UC,PDT,{00000000-0000-0000-0000-000000000000},2023-07-09 02:46:00,"Ministry of Forest, Lands and Natural Resource Operations and Rural Development - GeoBC ",provincialProtectiveServices,Provincial protective services,BC First Responders,1891,N,Horsefly Vol Fire Dept,,"3055 Boswell St, Horsefly, BC","3055 Boswell St, Horsefly, BC",3055 Boswell St,,Horsefly,,,,,,52.334778,-121.4161406,fire; fire hall; fire station,2023-10-10 23:00:29,,HALL,FIRE,,,
1,Location 228 - Location 45,,,,,2601,410,12.43567572,9.94517969,bc,2023-G73243,55.7051,-120.346,0.5,UC,PDT,{00000000-0000-0000-0000-000000000000},2023-09-13 20:52:00,"Ministry of Forest, Lands and Natural Resource Operations and Rural Development - GeoBC ",provincialProtectiveServices,Provincial protective services,BC First Responders,2025,N,Arras Volunteer Fire Dept,,"4235 Rd 208, South Dawson, BC","4235 Rd 208, South Dawson, BC",4235 Rd 208,,South Dawson,,,,,,55.7518409,-120.4616687,fire; fire hall; fire station,2023-10-10 23:00:29,,HALL,FIRE,,,
1,Location 229 - Location 466,,,,,1151,411,61.86511834,80.22764941,bc,2023-G73301,56.0542,-122.322,1.0,BH,PDT,{00000000-0000-0000-0000-000000000000},2023-09-17 18:09:00,"Ministry of Forest, Lands and Natural Resource Operations and Rural Development - GeoBC ",provincialProtectiveServices,Provincial protective services,BC First Responders,2033,N,Hudsons Hope Fire Dept,,"9904 Dudley Dr, Hudsons Hope, BC","9904 Dudley Dr, Hudsons Hope, BC",9904 Dudley Dr,,Hudsons Hope,,,,,,56.02601,-121.9138675,fire; fire hall; fire station,2023-10-10 23:00:29,,HALL,FIRE,,,
1,Location 230 - Location 107,,,,,1931,413,79.32368858,89.53421431,bc,2023-V83127,49.6171,-125.607,0.5,UC,PDT,{00000000-0000-0000-0000-000000000000},2023-09-02 20:40:00,"Ministry of Forest, Lands and Natural Resource Operations and Rural Development - GeoBC ",provincialProtectiveServices,Provincial protective services,BC First Responders,1568,N,Gold River Vol Fire Dept,,"499 Muchalat Dr, Gold River, BC","499 Muchalat Dr, Gold River, BC",499 Muchalat Dr,,Gold River,,,,,,49.7806033,-126.0475636,fire; fire hall; fire station,2023-10-10 23:00:29,,HALL,FIRE,,,
1,Location 231 - Location 9,,,,,2539,414,344.08495076,1190.22330637,bc,2023-V81802,50.4896,-125.384,90.0,UC,PDT,{00000000-0000-0000-0000-000000000000},2023-07-17 19:15:00,"Ministry of Forest, Lands and Natural Resource Operations and Rural Development - GeoBC ",provincialProtectiveServices,Provincial protective services,BC First Responders,1177,N,Langley Township Fire Dept Hall 3 Aldergrove,,"26316 30A Ave, Langley, BC","26316 30A Ave, Langley, BC",26316 30A Ave,,Langley,,,,,,49.0573209,-122.4953096,fire; fire hall; fire station,2023-10-10 23:00:29,,HALL,FIRE,,,
1,Location 233 - Location 467,,,,,1153,419,31.29493862,19.55104164,bc,2023-G80291,56.5112,-121.222,29505.9,UC,PDT,{00000000-0000-0000-0000-000000000000},2023-05-13 23:03:00,"Ministry of Forest, Lands and Natural Resource Operations and Rural Development - GeoBC ",provincialProtectiveServices,Provincial protective services,BC First Responders,2041,N,Charlie Lake Vol Fire Dept,,"13065 Firehall Rd, Charlie Lake, BC","13065 Firehall Rd, Charlie Lake, BC",13065 Firehall Rd,,Charlie Lake,,,,,,56.2800847,-120.9620537,fire; fire hall; fire station,2023-10-10 23:00:29,,HALL,FIRE,,,
1,Location 236 - Location 550,,,,,2841,424,171.46012299,189.97203511,bc,2023-C11158,52.9687,-125.56,4306.0,OC,PDT,{00000000-0000-0000-0000-000000000000},2023-07-06 23:20:00,"Ministry of Forest, Lands and Natural Resource Operations and Rural Development - GeoBC ",provincialProtectiveServices,Provincial protective services,BC First Responders,1890,N,Noosatsum Fire Dept,,"2644 Gibbs Rd, Hagensborg, BC","2644 Gibbs Rd, Hagensborg, BC",2644 Gibbs Rd,,Hagensborg,,,,,,52.3988459,-126.484069,fire; fire hall; fire station,2023-10-10 23:00:29,,HALL,FIRE,,,
